Name,FTF,BSF,BPFO,BPFI
16001,0.38,2.04,3.07,4.93
16002,0.4,2.37,3.59,5.41
16003,0.39,2.24,3.15,4.85
16004,0.41,2.77,4.12,5.88
16005,0.42,3.17,4.65,6.35
16006,0.43,3.27,5.1,6.9
16007,0.43,3.75,5.65,7.35
16008,0.44,4.19,6.62,8.38
16009,0.45,4.67,7.15,8.85
16010,0.45,5.07,7.67,9.33
16011,0.45,4.52,6.68,8.32
16012,0.45,4.84,7.63,9.37
16013,0.45,5.16,8.14,9.86
16014,0.45,5.12,8.13,9.87
16015,0.45,5.41,8.63,10.37
16016,0.46,5.84,9.15,10.85
16017,0.46,6.13,9.65,11.35
16018,0.46,5.53,8.65,10.35
16019,0.46,5.77,9.14,10.86
16020,0.46,6.02,9.63,11.37
16021,0.45,4.86,7.63,9.37
16022,0.45,4.85,7.63,9.37
16024,0.45,4.93,7.65,9.35
16026,0.45,4.67,7.15,8.85
16028,0.45,4.96,7.65,9.35
16030,0.45,4.88,7.64,9.36
16032,0.45,5.21,8.14,9.86
16034,0.45,4.97,7.65,9.35
16036,0.46,5.53,8.65,10.35
16038,0.45,5.36,8.62,10.38
16040,0.45,5.31,7.71,9.29
16044,0.45,5.14,8.13,9.87
16048,0.46,5.52,8.19,9.81
16052,0.45,5.15,8.13,9.87
16056,0.45,5.47,8.64,10.36
16060,0.45,4.74,7.16,8.84
16064,0.45,4.99,7.66,9.34
16068,0.45,4.79,7.17,8.83
16072,0.45,5.01,7.66,9.34
6000,0.37,1.74,2.57,4.44
6001,0.38,2.04,3.07,4.93
6002,0.4,2.37,3.59,5.41
6003,0.39,2.24,3.15,4.85
6004,0.4,2.38,3.59,5.41
60/22,0.4,2.5,3.63,5.37
6005,0.41,2.75,4.12,5.88
60/28,0.41,2.71,4.11,5.89
6006,0.42,2.93,4.59,6.41
60/32,0.41,2.75,4.12,5.88
6007,0.42,2.98,4.6,6.4
6008,0.43,3.33,5.12,6.88
6009,0.43,3.37,5.56,7.44
6010,0.43,3.66,6.06,7.94
6011,0.43,3.44,5.58,7.42
6012,0.43,3.69,6.07,7.93
6013,0.44,3.94,6.56,8.44
6014,0.43,3.72,6.08,7.92
6015,0.44,3.93,6.56,8.44
6016,0.43,3.73,6.08,7.92
6017,0.44,3.92,6.56,8.44
6018,0.43,3.75,6.08,7.92
6019,0.44,3.92,6.56,8.44
6020,0.44,4.09,6.6,8.4
6021,0.44,3.91,6.56,8.44
6022,0.43,3.77,6.09,7.91
6024,0.44,4.05,6.59,8.41
6026,0.44,3.94,6.56,8.44
6028,0.44,4.18,7.06,8.94
6030,0.44,4.16,7.05,8.95
6032,0.44,4.14,7.05,8.95
6034,0.44,3.92,6.56,8.44
6036,0.43,3.75,6.08,7.92
6038,0.44,3.92,6.56,8.44
6040,0.43,3.76,6.09,7.91
6044,0.44,3.95,6.57,8.43
6048,0.44,4.24,7.07,8.93
6052,0.44,3.93,6.12,7.88
6056,0.43,3.61,5.18,6.82
6060,0.43,3.67,5.2,6.8
6064,0.44,3.87,5.67,7.33
6068,0.43,3.7,5.2,6.8
6072,0.44,3.87,5.67,7.33
6076,0.44,4.05,6.15,7.85
6080,0.44,3.87,5.67,7.33
6084,0.44,4.03,6.15,7.85
6200,0.38,2.04,3.07,4.93
6201,0.37,1.86,2.62,4.38
6202,0.37,1.84,2.61,4.39
6203,0.38,1.89,2.63,4.37
6204,0.39,2.06,3.08,4.92
62/22,0.39,2.16,3.12,4.88
6205,0.4,2.36,3.59,5.41
62/78,0.39,2.15,3.11,4.89
6206,0.4,2.34,3.58,5.42
62/32,0.39,2.24,3.15,4.85
6207,0.4,2.31,3.57,5.43
6208,0.4,2.42,3.61,5.39
6209,0.4,2.46,3.62,5.38
6210,0.41,2.66,4.09,5.91
6211,0.41,2.62,4.08,5.92
6212,0.41,2.63,4.08,5.92
6213,0.41,2.69,4.1,5.9
6214,0.41,2.7,4.11,5.89
6215,0.42,2.88,4.57,6.43
6216,0.41,2.8,4.14,5.86
6217,0.42,2.89,4.58,6.42
6218,0.41,2.73,4.11,5.89
6219,0.41,2.69,4.1,5.9
6220,0.41,2.66,4.09,5.91
6221,0.41,2.64,4.09,5.91
6222,0.41,2.62,4.08,5.92
6224,0.41,2.69,4.1,5.9
6226,0.41,2.75,4.12,5.88
6228,0.42,2.99,4.19,5.81
6230,0.42,3.23,4.67,6.33
6230,0.43,3.47,5.15,6.85
6234,0.43,3.37,5.13,6.87
6236,0.42,3.2,4.66,6.34
6238,0.42,3.13,4.64,6.36
6240,0.43,3.32,5.12,6.88
6244,0.43,3.42,5.14,6.86
63200,0.38,2.04,3.07,4.93
63201,0.37,1.86,2.62,4.38
63202,0.37,1.84,2.61,4.39
63203,0.38,1.89,2.63,4.37
632/22,0.39,2.16,3.12,4.88
63205,0.4,2.36,3.59,5.41
632/78,0.39,2.15,3.11,4.89
63206,0.4,2.34,3.58,5.42
632/32,0.39,2.24,3.15,4.85
63207,0.4,2.31,3.57,5.43
63208,0.4,2.42,3.61,5.39
63209,0.4,2.46,3.62,5.38
63210,0.41,2.66,4.09,5.91
63211,0.41,2.62,4.08,5.92
63212,0.41,2.63,4.08,5.92
63213,0.41,2.69,4.1,5.9
63214,0.41,2.7,4.11,5.89
63215,0.42,2.88,4.57,6.43
63216,0.41,2.8,4.14,5.86
63217,0.42,2.89,4.58,6.42
63218,0.41,2.73,4.11,5.89
63219,0.41,2.69,4.1,5.9
63220,0.41,2.66,4.09,5.91
63221,0.41,2.64,4.09,5.91
63222,0.41,2.62,4.08,5.92
63224,0.41,2.69,4.1,5.9
63226,0.41,2.75,4.12,5.88
63228,0.42,2.99,4.19,5.81
63230,0.42,3.23,4.67,6.33
63230,0.43,3.47,5.15,6.85
63234,0.43,3.37,5.13,6.87
63236,0.42,3.2,4.66,6.34
63238,0.42,3.13,4.64,6.36
63240,0.43,3.32,5.12,6.88
63244,0.43,3.42,5.14,6.86
6300,0.35,1.47,2.08,3.92
6301,0.34,1.38,2.03,3.97
6302,0.37,1.73,2.56,4.44
6303,0.36,1.7,2.55,4.45
6304,0.37,1.76,2.57,4.43
63/22,0.37,1.76,2.57,4.43
6305,0.37,1.83,2.61,4.39
63/28,0.37,1.76,2.57,4.43
6306,0.39,2.07,3.09,4.91
63/32,0.38,2.01,3.06,4.94
6307,0.38,2.01,3.06,4.94
6309,0.38,2,3.06,4.94
6310,0.38,2.04,3.07,4.93
6311,0.38,2.04,3.07,4.93
6312,0.38,2.05,3.07,4.93
6313,0.38,2.04,3.07,4.93
6314,0.38,2.05,3.08,4.92
6315,0.39,2.06,3.08,4.92
6316,0.39,2.07,3.09,4.91
6317,0.39,2.08,3.09,4.91
6318,0.39,2.09,3.09,4.91
6319,0.39,2.1,3.1,4.9
6320,0.38,2.04,3.07,4.93
6321,0.38,2.05,3.08,4.92
6322,0.38,2.02,3.06,4.94
6324,0.39,2.19,3.13,4.87
6326,0.39,2.2,3.13,4.87
6328,0.39,2.2,3.13,4.87
6330,0.4,2.37,3.59,5.41
6332,0.4,2.36,3.19,4.81
6334,0.39,2.21,3.14,4.86
6336,0.4,2.35,3.58,5.42
6338,0.4,2.48,3.63,5.37
6340,0.4,2.34,3.58,5.42
6344,0.41,2.58,3.66,5.34
63300,0.35,1.47,2.08,3.92
63301,0.34,1.38,2.03,3.97
63302,0.37,1.73,2.56,4.44
63303,0.36,1.7,2.55,4.45
63304,0.37,1.76,2.57,4.43
633/22,0.37,1.76,2.57,4.43
63305,0.37,1.83,2.61,4.39
633/28,0.37,1.76,2.57,4.43
63306,0.39,2.07,3.09,4.91
633/32,0.38,2.01,3.06,4.94
63307,0.38,2.01,3.06,4.94
63308,0.38,2.04,3.07,4.93
63309,0.38,2,3.06,4.94
63310,0.38,2.04,3.07,4.93
63311,0.38,2.04,3.07,4.93
63312,0.38,2.05,3.07,4.93
63313,0.38,2.04,3.07,4.93
63314,0.38,2.05,3.08,4.92
63316,0.39,2.07,3.09,4.91
63317,0.39,2.08,3.09,4.91
63318,0.39,2.09,3.09,4.91
63319,0.39,2.1,3.1,4.9
63320,0.38,2.04,3.07,4.93
63321,0.38,2.05,3.08,4.92
63322,0.38,2.02,3.06,4.94
63324,0.39,2.19,3.13,4.87
63326,0.39,2.2,3.13,4.87
63328,0.39,2.2,3.13,4.87
63330,0.4,2.37,3.59,5.41
63332,0.4,2.36,3.19,4.81
63334,0.39,2.21,3.14,4.86
63336,0.4,2.35,3.58,5.42
63338,0.4,2.48,3.63,5.37
63340,0.4,2.34,3.58,5.42
63344,0.41,2.58,3.66,5.34
6800,0.42,2.98,4.6,6.4
6801,0.43,3.42,5.14,6.86
6802,0.44,4.06,6.15,7.85
6803,0.45,4.49,7.12,8.88
6804,0.43,3.67,5.63,7.37
6805,0.44,4.4,6.66,8.34
6806,0.45,5.12,8.13,9.87
6807,0.46,5.85,9.15,10.85
6808,0.46,6.57,10.17,11.83
6809,0.46,6.46,10.15,11.85
6810,0.47,7.22,11.17,12.83
6811,0.46,6.65,10.18,11.82
6812,0.46,6.19,9.66,11.34
6813,0.46,6.73,10.19,11.81
6814,0.47,7.19,11.17,12.83
6815,0.47,7.64,12.15,13.85
6816,0.47,8.1,12.67,14.33
6817,0.46,6.79,10.66,12.34
6818,0.47,7.14,11.16,12.84
6819,0.47,7.5,11.67,13.33
6820,0.47,7.85,12.18,13.82
6821,0.47,8.2,12.68,14.32
6822,0.47,7.14,12.09,13.91
6824,0.47,7.71,12.63,14.37
6826,0.47,7.12,11.16,12.84
6830,0.47,7.11,11.16,12.84
6832,0.47,7.54,11.67,13.33
6834,0.46,7.1,11.16,12.84
6836,0.47,7.47,11.67,13.33
6838,0.46,7.1,11.16,12.84
6840,0.47,7.44,11.66,13.34
6844,0.47,8.1,12.67,14.33
6848,0.47,7.7,12.16,13.84
6852,0.47,7.92,12.18,13.82
6856,0.47,7.32,11.18,12.82
6860,0.46,7.11,10.69,12.31
6864,0.47,7.53,11.67,13.33
6868,0.47,7.95,12.19,13.81
6872,0.47,7.84,11.71,13.29
6876,0.46,7.1,10.69,12.31
6860,0.47,7.43,11.2,12.8
6884,0.47,7.37,11.66,13.34
6888,0.47,7.68,12.16,13.84
6892,0.46,6.79,10.19,11.81
6896,0.46,7.05,10.69,12.31
68/500,0.47,7.31,11.18,12.82
68/530,0.47,7.71,11.69,13.31
68/560,0.47,8.11,12.2,13.8
68/600,0.47,8.02,12.19,13.81
6900,0.4,2.42,3.61,5.39
6901,0.41,2.74,4.12,5.88
6902,0.41,2.6,3.66,5.34
6903,0.42,2.86,4.57,6.43
6904,0.42,2.92,4.58,6.42
6905,0.43,3.45,5.58,7.42
6906,0.44,3.99,6.14,7.86
6907,0.43,3.47,5.15,6.85
6908,0.44,3.95,6.13,7.87
6909,0.44,3.89,6.12,7.88
6910,0.44,4.21,6.62,8.38
6911,0.45,4.67,7.15,8.85
6912,0.45,5.03,7.66,9.34
6913,0.45,5.38,8.63,10.37
6914,0.45,4.83,7.63,9.37
6915,0.45,5.12,8.13,9.87
6916,0.45,5.43,8.63,10.37
6917,0.45,4.92,7.64,9.36
6919,0.45,5.41,8.63,10.37
6920,0.45,5,7.66,9.34
6921,0.45,5.21,8.14,9.86
6922,0.45,5.42,8.63,10.37
6924,0.45,5.24,8.15,9.85
6926,0.45,5.1,8.13,9.87
6928,0.45,5.43,8.63,10.37
6930,0.45,5.11,8.13,9.87
6930,0.45,5.4,8.63,10.37
6934,0.46,5.69,8.67,10.33
6936,0.45,5.16,7.68,9.32
6938,0.45,5.41,8.17,9.83
6940,0.45,4.67,7.15,8.85
6944,0.45,5.07,7.67,9.33
6948,0.45,5.47,8.64,10.36
6952,0.45,4.83,7.63,9.37
6956,0.45,5.15,8.13,9.87
6960,0.45,4.67,7.15,8.85
6964,0.45,4.94,7.65,9.35
6968,0.45,5.2,8.14,9.86
6872,0.45,5.47,8.64,10.36
6976,0.45,5.41,8.17,9.83
6980,0.46,5.65,8.67,10.33
6984,0.46,5.89,9.16,10.84
6988,0.46,5.81,8.69,10.31
6992,0.46,6.03,9.18,10.82
6996,0.46,5.51,8.19,9.81
BL205,0.4,2.36,4.78,7.22
BL2/28,0.39,2.15,4.67,7.33
BL206,0.4,2.34,5.17,7.83
BL2/32,0.39,2.24,4.72,7.28
BL207,0.4,2.31,5.15,7.85
BL208,0.4,2.42,5.61,8.39
BL209,0.4,2.46,5.63,8.37
BL210,0.41,2.66,6.14,8.86
BL211,0.41,2.62,6.12,8.88
BL212,0.41,2.63,6.12,8.88
BL213,0.41,2.69,6.15,8.85
BL214,0.41,2.7,6.16,8.84
BL215,0.42,2.88,6.65,9.35
BL216,0.41,2.8,6.62,9.38
BL217,0.42,2.89,6.65,9.35
BL218,0.41,2.73,6.58,9.42
BL219,0.41,2.69,6.15,8.85
BL220,0.41,2.66,6.14,8.86
BL221,0.41,2.64,6.13,8.87
BL222,0.41,2.62,6.12,8.88
BL304,0.37,1.76,3.68,6.32
BL3/22,0.37,1.76,3.68,6.32
BL305,0.37,1.83,3.72,6.28
BL3/28,0.37,1.76,3.68,6.32
BL306,0.39,2.07,4.24,6.76
BL3/32,0.38,2.01,4.21,6.79
BL307,0.38,2.01,4.59,7.41
BL308,0.38,1.93,4.16,6.84
BL309,0.38,2,4.2,6.8
BL310,0.38,2.04,4.22,6.78
BL311,0.38,2.04,4.61,7.39
BL312,0.38,2.05,4.61,7.39
BL313,0.38,2.04,4.61,7.39
BL314,0.38,2.05,4.61,7.39
BL315,0.39,2.06,4.62,7.38
BL316,0.39,2.07,4.63,7.37
BL317,0.39,2.08,4.63,7.37
BL318,0.39,2.09,4.64,7.36
BL319,0.39,2.1,4.64,7.36
BL320,0.38,2.04,4.61,7.39
BL322,0.38,2.02,4.6,7.4
7000,0.38,1.77,3.08,4.92
7001,0.4,2.07,3.6,5.4
7002,0.41,2.4,4.54,6.46
7003,0.41,2.27,4.08,5.92
7004,0.41,2.4,4.54,6.46
7005,0.42,2.77,5.51,7.49
7006,0.43,2.95,5.99,8.01
7007,0.43,3,6.44,8.56
7008,0.44,3.35,7.42,9.58
7009,0.44,3.39,7.43,9.57
7010,0.44,3.68,8.4,10.6
7011,0.44,3.46,7.89,10.11
7012,0.44,3.71,8.41,10.59
7013,0.45,3.95,9.36,11.64
7014,0.44,3.74,8.86,11.14
7015,0.45,3.95,9.36,11.64
7016,0.44,3.75,8.86,11.14
7017,0.45,3.94,9.36,11.64
7018,0.44,3.77,8.87,11.13
7019,0.45,3.94,9.36,11.64
7020,0.45,4.1,9.85,12.15
7021,0.45,3.93,9.36,11.64
7022,0.44,3.79,8.87,11.13
7024,0.45,4.07,9.39,11.61
7026,0.45,3.95,9.36,11.64
7028,0.45,4.2,9.88,12.12
7030,0.45,4.18,9.87,12.13
7032,0.45,4.16,9.87,12.13
7034,0.45,3.94,9.36,11.64
7036,0.44,3.77,9.31,11.69
7038,0.45,3.93,9.8,12.2
7040,0.44,3.78,9.31,11.69
7200,0.4,2.04,4,6
7201,0.39,1.89,3.91,6.09
7202,0.39,1.87,3.9,6.1
7203,0.39,1.92,4.32,6.68
7204,0.4,2.09,4.41,6.59
7205,0.41,2.39,5.36,7.64
7206,0.41,2.36,5.35,7.65
7207,0.41,2.33,5.33,7.67
7209,0.42,2.49,5.82,8.18
7210,0.42,2.69,6.32,8.68
7211,0.42,2.65,6.3,8.7
7212,0.42,2.66,6.31,8.69
7213,0.42,2.71,6.75,9.25
7214,0.42,2.73,6.76,9.24
7215,0.43,2.9,7.26,9.74
7216,0.43,2.83,6.8,9.2
7217,0.43,2.91,7.26,9.74
7218,0.42,2.75,6.77,9.23
7219,0.42,2.72,6.76,9.24
7220,0.42,2.69,6.32,8.68
7221,0.42,2.67,6.31,8.69
7222,0.42,2.64,6.3,8.7
7224,0.42,2.71,6.33,8.67
7226,0.42,2.77,6.35,8.65
7228,0.43,3.01,6.87,9.13
7230,0.43,2.95,6.85,9.15
7232,0.43,2.89,6.83,9.17
7234,0.43,2.84,6.81,9.19
7236,0.43,2.97,7.29,9.71
7238,0.43,3.15,7.35,9.65
7240,0.43,3.09,7.33,9.67
7200B,0.41,2.04,4.11,5.89
7201B,0.4,1.91,4.04,5.96
7202B,0.4,1.89,4.03,5.97
7203B,0.41,1.94,4.46,6.54
7204B,0.41,2.11,4.53,6.47
7205B,0.42,2.4,5.49,7.51
7206B,0.42,2.38,5.48,7.52
7207B,0.42,2.35,5.47,7.53
7208B,0.42,2.47,5.94,8.06
7209B,0.43,2.5,5.95,8.05
7210B,0.43,2.7,6.46,8.54
7211B,0.43,2.66,6.44,8.56
7212B,0.43,2.67,6.45,8.55
7213B,0.43,2.73,6.9,9.1
7214B,0.43,2.74,6.9,9.1
7215B,0.44,2.92,7.4,9.6
7216B,0.43,2.84,6.94,9.06
7217B,0.44,2.93,7.41,9.59
7218B,0.43,2.77,6.91,9.09
7220B,0.43,2.71,6.46,8.54
7221B,0.43,2.68,6.45,8.55
7222B,0.43,2.66,6.44,8.56
7224B,0.43,2.72,6.47,8.53
7226B,0.43,2.79,6.49,8.51
7228B,0.44,3.03,7,9
7230B,0.44,2.96,6.98,9.02
7232B,0.44,2.9,6.96,9.04
7234B,0.43,2.86,6.95,9.05
7236B,0.44,2.98,7.43,9.57
7238B,0.44,3.17,7.49,9.51
7240B,0.44,3.1,7.47,9.53
7300,0.37,1.47,2.93,5.07
7301,0.36,1.43,2.88,5.12
7302,0.38,1.76,3.84,6.16
7303,0.38,1.73,3.82,6.18
7304,0.39,1.79,3.85,6.15
7305,0.39,1.86,4.28,6.72
7306,0.4,2.1,5.21,7.79
7307,0.4,2.04,4.78,7.22
7308,0.4,2.07,4.8,7.2
7309,0.4,1.99,4.75,7.25
7310,0.4,2.01,4.76,7.24
7311,0.4,2.07,4.8,7.2
7312,0.4,2.08,4.8,7.2
7313,0.4,2.07,4.79,7.21
7314,0.4,2.08,4.8,7.2
7315,0.4,2.09,4.81,7.19
7316,0.4,2.1,4.81,7.19
7317,0.4,2.11,4.82,7.18
7318,0.4,2.12,4.82,7.18
7319,0.4,2.13,4.83,7.17
7320,0.4,2.07,4.8,7.2
7321,0.4,2.08,4.8,7.2
7322,0.4,2.05,4.39,6.61
7324,0.41,2.22,4.87,7.13
7326,0.41,2.23,4.87,7.13
7328,0.41,2.23,4.88,7.12
7330,0.41,2.23,4.88,7.12
7332,0.41,2.39,5.36,7.64
7334,0.41,2.24,4.88,7.12
7336,0.41,2.37,5.35,7.65
7340,0.41,2.37,4.94,7.06
7300B,0.38,1.47,3.06,4.94
7301B,0.38,1.45,3.01,4.99
7302B,0.4,1.78,3.97,6.03
7303B,0.4,1.76,3.96,6.04
7304B,0.4,1.81,3.99,6.01
7305B,0.4,1.89,4.43,6.57
7306B,0.41,2.12,5.36,7.64
7307B,0.41,2.06,4.92,7.08
7308B,0.41,2.09,4.93,7.07
7309B,0.41,2.01,4.89,7.11
7310B,0.41,2.03,4.91,7.09
7311B,0.41,2.09,4.94,7.06
7312B,0.41,2.1,4.94,7.06
7313B,0.41,2.09,4.93,7.07
7314B,0.41,2.1,4.94,7.06
7315B,0.41,2.11,4.95,7.05
7316B,0.41,2.12,4.95,7.05
7317B,0.42,2.22,4.99,7.01
7318B,0.41,2.14,4.96,7.04
7319B,0.41,2.15,4.96,7.04
7320B,0.41,2.09,4.94,7.06
7321B,0.41,2.1,4.94,7.06
7322B,0.41,2.07,4.52,6.48
7324B,0.42,2.24,5,7
7326B,0.42,2.24,5,7
7328B,0.42,2.25,5,7
7330B,0.42,2.25,5.01,6.99
7332B,0.42,2.4,5.49,7.51
7334B,0.42,2.26,5.01,6.99
7336B,0.42,2.39,5.48,7.52
7338B,0.43,2.53,5.96,8.04
7340B,0.42,2.38,5.06,6.94
3200,0.4,1.99,4.77,7.23
3201,0.41,2.23,4.88,7.12
3202,0.4,2.17,4.85,7.15
3203,0.4,2.16,4.84,7.16
3204,0.41,2.27,4.89,7.11
3205,0.42,2.63,5.88,8.12
3206,0.42,2.57,5.85,8.15
3207,0.42,2.52,5.83,8.17
3208,0.43,2.84,6.81,9.19
3209,0.43,2.86,6.82,9.18
3210,0.43,2.88,6.82,9.18
3211,0.42,2.81,6.79,9.21
3212,0.43,3.15,7.78,10.22
3213,0.43,3.18,7.8,10.2
3214,0.43,3.18,7.8,10.2
3215,0.43,3.17,7.79,10.21
3216,0.43,3.09,6.9,9.1
3217,0.43,3.03,6.88,9.12
3218,0.43,2.97,6.43,8.57
3219,0.43,3.03,6.45,8.55
3220,0.42,2.69,5.9,8.1
3302,0.4,2.13,4.84,7.16
3303,0.4,2.16,4.84,7.16
3304,0.4,2.19,4.86,7.14
3305,0.41,2.2,4.86,7.14
3306,0.41,2.21,4.87,7.13
3307,0.4,2.18,4.85,7.15
3308,0.42,2.49,5.82,8.18
3309,0.41,2.47,5.81,8.19
3310,0.41,2.44,5.8,8.2
3311,0.41,2.43,5.79,8.21
3312,0.41,2.42,5.79,8.21
3313,0.41,2.41,5.78,8.22
3314,0.41,2.23,4.88,7.12
3315,0.41,2.23,4.88,7.12
5200,0.4,1.99,2.78,4.22
5201,0.39,1.89,2.74,4.26
5202,0.4,2.17,3.23,4.77
5203,0.4,2.16,3.23,4.77
5204,0.4,2.02,3.18,4.82
5206,0.41,2.34,3.69,5.31
5207,0.41,2.33,3.69,5.31
5208,0.41,2.45,3.73,5.27
5209,0.42,2.49,3.74,5.26
5210,0.42,2.69,4.21,5.79
5211,0.42,2.7,4.22,5.78
5212,0.42,2.61,3.77,5.23
5213,0.42,2.72,4.22,5.78
5214,0.42,2.73,4.22,5.78
5215,0.43,2.87,4.26,5.74
5216,0.43,2.83,4.25,5.75
5217,0.43,3.03,4.73,6.27
5218,0.42,2.75,4.23,5.77
5219,0.42,2.72,4.22,5.78
5220,0.42,2.69,4.21,5.79
5302,0.38,1.73,2.69,4.31
5303,0.38,1.73,2.67,4.33
5304,0.4,1.97,2.77,4.23
5305,0.4,2.05,3.19,4.81
5306,0.4,2.1,3.21,4.79
5307,0.4,2.04,3.19,4.81
5308,0.4,2.07,3.2,4.8
5309,0.4,2.09,3.2,4.8
5310,0.4,2.11,3.21,4.79
5311,0.4,2.07,3.2,4.8
5312,0.4,2.08,3.2,4.8
5313,0.4,2.07,3.2,4.8
5314,0.4,2.08,3.2,4.8
5315,0.4,2.09,3.2,4.8
1200,0.38,1.98,3.45,5.55
1201,0.39,2.18,3.93,6.07
1202,0.39,2.13,3.9,6.1
1203,0.4,2.48,4.85,7.15
1204,0.41,2.56,4.89,7.11
1205,0.41,2.57,4.89,7.11
1206,0.41,2.79,5.8,8.2
1207,0.43,3.27,6.82,9.18
1208,0.43,3.35,7.27,9.73
1209,0.42,2.92,6.68,9.32
1210,0.43,3.58,7.77,10.23
1211,0.43,3.69,8.25,10.75
1212,0.44,3.81,8.28,10.72
1213,0.44,4.15,9.26,11.74
1214,0.44,3.98,8.77,11.23
1215,0.44,3.99,8.77,11.23
1216,0.44,4.33,9.75,12.25
1217,0.44,4.07,9.24,11.76
1218,0.44,3.86,8.3,10.7
1219,0.44,3.94,8.76,11.24
1220,0.44,3.96,8.76,11.24
1221,0.44,4.01,8.78,11.22
1222,0.44,4.01,8.78,11.22
1300,0.38,1.91,3.42,5.58
1301,0.37,1.8,3.36,5.64
1302,0.39,2.05,3.87,6.13
1303,0.39,2.1,4.28,6.72
1304,0.4,2.43,4.83,7.17
1305,0.4,2.4,4.82,7.18
1306,0.41,2.61,5.31,7.69
1307,0.41,2.77,5.79,8.21
1308,0.42,2.87,6.24,8.76
1309,0.41,2.79,6.21,8.79
1310,0.41,2.73,5.36,7.64
1311,0.42,2.85,6.24,8.76
1312,0.42,3.02,6.72,9.28
1313,0.42,3.06,6.74,9.26
1314,0.42,2.96,6.7,9.3
1315,0.42,3.04,6.73,9.27
1316,0.42,2.99,6.29,8.71
1318,0.42,2.89,6.25,8.75
1319,0.42,2.84,6.23,8.77
1320,0.42,2.84,6.23,8.77
1321,0.41,2.8,6.21,8.79
1322,0.42,3.03,7.14,9.86
2200,0.37,1.59,3.3,5.7
2201,0.38,1.81,3.79,6.21
2202,0.39,2.11,4.32,6.68
2203,0.39,2.08,4.3,6.7
2204,0.4,2.19,4.75,7.25
2205,0.41,2.65,5.35,7.65
2206,0.42,2.82,5.83,8.17
2207,0.41,2.72,5.79,8.21
2208,0.42,3.07,6.76,9.24
2209,0.43,3.34,7.71,10.29
2210,0.43,3.61,8.23,10.77
2211,0.43,3.69,8.26,10.74
2212,0.43,3.51,7.76,10.24
2213,0.43,3.36,7.71,10.29
2214,0.43,3.55,8.21,10.79
2215,0.44,3.75,8.71,11.29
2216,0.44,3.83,8.73,11.27
2217,0.43,3.63,8.23,10.77
2218,0.43,3.51,8.19,10.81
2219,0.43,3.41,8.16,10.84
2220,0.43,3.32,7.69,10.31
2221,0.43,3.25,7.67,10.33
2222,0.42,3.18,7.64,10.36
2300,0.35,1.37,2.43,4.57
2301,0.36,1.52,3.23,5.77
2302,0.38,1.83,3.79,6.21
2303,0.38,1.86,3.8,6.2
2304,0.38,1.9,4.2,6.8
2305,0.38,1.95,4.22,6.78
2306,0.39,2,4.25,6.75
2307,0.38,1.98,4.23,6.77
2308,0.39,2.14,4.71,7.29
2309,0.39,2.16,4.72,7.28
2310,0.39,2.15,4.71,7.29
2311,0.39,2.16,4.72,7.28
2312,0.39,2.16,4.72,7.28
2313,0.4,2.29,5.18,7.82
2315,0.4,2.29,5.18,7.82
2316,0.4,2.36,5.22,7.78
2317,0.4,2.35,5.21,7.79
2318,0.4,2.34,5.2,7.8
2319,0.4,2.32,5.19,7.81
2320,0.4,2.26,5.16,7.84
2321,0.4,2.26,5.17,7.83
2322,0.4,2.3,5.18,7.82
NU1005,0.42,3.2,5.93,8.07
NU1006,0.43,3.47,6.87,9.13
NU1007,0.43,3.68,7.36,9.64
NU1008,0.44,3.8,7.84,10.16
NU1009,0.44,3.94,7.88,10.12
NU1010,0.44,4.28,8.4,10.6
NU1011,0.44,4.49,8.9,11.1
NU1012,0.45,4.81,9.87,12.13
NU1013,0.45,5.12,10.39,12.61
NU1014,0.44,4.45,8.89,11.11
NU1015,0.45,4.71,9.4,11.6
NU1016,0.45,4.61,9.37,11.63
NU1017,0.45,4.84,9.87,12.13
NU1018,0.45,4.74,9.85,12.15
NU1019,0.45,4.95,10.35,12.65
NU1020,0.45,5.16,10.85,13.15
NU1021,0.45,5.03,10.37,12.63
NU1022,0.45,4.62,9.82,12.18
NU1024,0.45,4.95,10.8,13.2
NU1026,0.45,4.8,10.32,12.68
NU1028,0.45,5.1,10.83,13.17
NU1030,0.45,5.16,11.3,13.7
NU1032,0.45,4.95,10.8,13.2
NU1034,0.45,4.84,10.32,12.68
NU1036,0.45,4.55,9.8,12.2
NU1038,0.45,4.75,10.3,12.7
NU1040,0.45,4.86,10.78,13.22
NU1044,0.45,4.61,10.27,12.73
NU1048,0.45,4.95,11.25,13.75
NU1052,0.45,4.8,10.76,13.24
NU1056,0.45,5.1,11.29,13.71
NU1060,0.45,4.7,10.29,12.71
NU1064,0.45,4.95,10.8,13.2
NU1068,0.45,4.73,10.3,12.7
NU1072,0.45,4.95,10.8,13.2
NU1076,0.45,5.18,11.3,13.7
NU1080,0.45,4.95,10.8,13.2
NU1084,0.45,5.15,11.3,13.7
NU1088,0.45,5.19,11.31,13.69
NU1096,0.45,5.42,11.81,14.19
NU10/500,0.46,5.61,12.31,14.69
NU204,0.4,2.49,4.44,6.56
NU205,0.42,2.89,5.41,7.59
NU206,0.42,2.99,5.44,7.56
NU207,0.41,2.85,5.39,7.61
NU208,0.42,2.92,5.42,7.58
NU209,0.42,3.18,5.92,8.08
NU210,0.43,3.45,6.87,9.13
NU211,0.43,3.45,6.86,9.14
NU212,0.43,3.5,6.88,9.12
NU213,0.43,3.5,6.88,9.12
NU214,0.43,3.69,7.37,9.63
NU215,0.43,3.59,7.34,9.66
NU216,0.43,3.61,7.35,9.65
NU217,0.43,3.62,7.35,9.65
NU218,0.43,3.4,6.85,9.15
NU219,0.43,3.41,6.85,9.15
NU220,0.43,3.43,6.86,9.14
NU221,0.43,3.45,6.86,9.14
NU222,0.43,3.31,6.82,9.18
NU224,0.43,3.42,7.28,9.72
NU226,0.43,3.69,7.8,10.2
NU228,0.43,3.69,7.8,10.2
NU230,0.43,3.68,7.8,10.2
NU232,0.43,3.68,7.8,10.2
NU234,0.43,3.69,7.8,10.2
NU236,0.44,3.84,8.28,10.72
NU238,0.44,3.83,8.28,10.72
NU240,0.44,3.83,8.28,10.72
NU244,0.44,3.81,8.27,10.73
NU248,0.43,3.71,8.24,10.76
NU252,0.43,3.63,8.22,10.78
NU256,0.44,3.84,8.72,11.28
NU260,0.43,3.68,8.23,10.77
NU264,0.43,3.68,8.23,10.77
NU204E,0.39,2.16,4.29,6.71
NU205E,0.4,2.51,5.25,7.75
NU206E,0.4,2.49,5.24,7.76
NU207E,0.41,2.61,5.71,8.29
NU208E,0.41,2.66,5.73,8.27
NU209E,0.42,2.89,6.24,8.76
NU211E,0.42,3.18,6.77,9.23
NU212E,0.42,2.99,6.7,9.3
NU213E,0.42,3.04,6.72,9.28
NU214E,0.42,3.21,7.21,9.79
NU215E,0.43,3.38,7.7,10.3
NU216E,0.43,3.41,7.71,10.29
NU217E,0.42,3.22,7.21,9.79
NU218E,0.42,3.24,7.22,9.78
NU219E,0.42,3.1,7.16,9.84
NU220E,0.42,3.13,7.17,9.83
NU222E,0.42,3.19,7.2,9.8
NU224E,0.42,3.18,7.2,9.8
NU226E,0.42,3.16,7.19,9.81
NU228E,0.43,3.45,8.15,10.85
NU230E,0.43,3.46,8.16,10.84
NU232E,0.43,3.48,8.16,10.84
NU234E,0.43,3.3,7.67,10.33
NU236E,0.43,3.44,8.15,10.85
NU238E,0.43,3.46,8.15,10.85
NU240E,0.43,3.47,8.16,10.84
NU2204,0.4,2.49,4.44,6.56
NU2205,0.42,2.89,5.41,7.59
NU2206,0.42,2.99,5.44,7.56
NU2207,0.41,2.85,5.39,7.61
NU2208,0.42,2.92,5.42,7.58
NU2209,0.42,3.18,5.92,8.08
NU2210,0.43,3.45,6.87,9.13
NU2211,0.43,3.45,6.86,9.14
NU2212,0.43,3.5,6.88,9.12
NU2213,0.43,3.5,6.88,9.12
NU2214,0.43,3.69,7.37,9.63
NU2215,0.43,3.59,7.34,9.66
NU2216,0.43,3.61,7.35,9.65
NU2217,0.43,3.62,7.35,9.65
NU2218,0.43,3.4,6.85,9.15
NU2219,0.43,3.41,6.85,9.15
NU2220,0.43,3.43,6.86,9.14
NU2222,0.43,3.31,6.82,9.18
NU2224,0.43,3.42,7.28,9.72
NU2226,0.43,3.69,7.8,10.2
NU2228,0.43,3.69,7.8,10.2
NU2230,0.43,3.68,7.8,10.2
NU2234,0.43,3.69,7.8,10.2
NU2236,0.44,3.84,8.28,10.72
NU2238,0.44,3.83,8.28,10.72
NU2240,0.44,3.83,8.28,10.72
NU2244,0.44,3.81,8.27,10.73
NU2248,0.43,3.71,8.24,10.76
NU2252,0.43,3.63,8.22,10.78
NU2256,0.44,3.84,8.72,11.28
NU2260,0.43,3.68,8.23,10.77
NU2264,0.43,3.68,8.23,10.77
NU2204E,0.39,2.16,4.29,6.71
NU2205E,0.4,2.51,5.25,7.75
NU2206E,0.4,2.49,5.24,7.76
NU2207E,0.41,2.61,5.71,8.29
NU2208E,0.41,2.66,5.73,8.27
NU2209E,0.42,2.89,6.24,8.76
NU2210E,0.42,3.13,6.75,9.25
NU2211E,0.42,3.18,6.77,9.23
NU2212E,0.42,2.99,6.7,9.3
NU2213E,0.42,3.04,6.72,9.28
NU2214E,0.42,3.21,7.21,9.79
NU2215E,0.43,3.38,7.7,10.3
NU2216E,0.43,3.41,7.71,10.29
NU2217E,0.42,3.22,7.21,9.79
NU2218E,0.42,3.24,7.22,9.78
NU2219E,0.42,3.1,7.16,9.84
NU2220E,0.42,3.13,7.17,9.83
NU2222E,0.42,3.19,7.2,9.8
NU2224E,0.42,3.18,7.2,9.8
NU2226E,0.42,3.15,7.18,9.82
NU2228E,0.43,3.45,8.15,10.85
NU2230E,0.43,3.46,8.16,10.84
NU2232E,0.43,3.26,7.65,10.35
NU2234E,0.42,3.12,7.17,9.83
NU2236E,0.42,3.25,7.65,10.35
NU2238E,0.43,3.28,7.66,10.34
NU2240E,0.43,3.3,7.66,10.34
NU2304,0.39,2.18,3.91,6.09
NU2305,0.4,2.34,4.38,6.62
NU2306,0.4,2.51,4.44,6.56
NU2307,0.4,2.5,4.85,7.15
NU2308,0.41,2.64,4.9,7.1
NU2310,0.41,2.57,4.88,7.12
NU2311,0.4,2.48,4.83,7.17
NU2312,0.41,2.55,4.86,7.14
NU2313,0.41,2.6,4.89,7.11
NU2314,0.41,2.66,5.32,7.68
NU2315,0.41,2.58,5.28,7.72
NU2316,0.41,2.75,5.36,7.64
NU2317,0.41,2.66,5.32,7.68
NU2318,0.41,2.71,5.34,7.66
NU2319,0.41,2.75,5.77,8.23
NU2320,0.41,2.72,5.76,8.24
NU2322,0.41,2.64,5.72,8.28
NU2324,0.41,2.54,5.27,7.73
NU2326,0.41,2.6,5.7,8.3
NU2328,0.41,2.66,5.73,8.27
NU2320,0.41,2.71,5.75,8.25
NU2332,0.42,2.89,6.24,8.76
NU2334,0.42,2.86,6.23,8.77
NU2336,0.41,2.83,6.21,8.79
NU2338,0.42,2.87,6.23,8.77
NU2340,0.42,3.02,6.29,8.71
NU2344,0.42,2.95,6.27,8.73
NU2348,0.42,3,6.7,9.3
NU2352,0.42,3.05,6.72,9.28
NU2356,0.42,3.08,6.73,9.27
NU2304E,0.38,1.91,3.77,6.23
NU2305E,0.39,2.09,4.25,6.75
NU2306E,0.39,2.23,4.72,7.28
NU2307E,0.4,2.32,5.16,7.84
NU2308E,0.39,2.25,4.73,7.27
NU2309E,0.4,2.35,5.17,7.83
NU2310E,0.4,2.44,5.22,7.78
NU2311E,0.4,2.36,5.18,7.82
NU2312E,0.4,2.43,5.21,7.79
NU2313E,0.4,2.36,5.18,7.82
NU2314E,0.4,2.42,5.21,7.79
NU2315E,0.4,2.38,5.19,7.81
NU2316E,0.4,2.42,5.21,7.79
NU2317E,0.4,2.48,5.64,8.36
NU2318E,0.4,2.43,5.21,7.79
NU2319E,0.41,2.58,5.69,8.31
NU2320E,0.4,2.39,5.2,7.8
NU2324E,0.4,2.43,5.21,7.79
NU2326E,0.4,2.49,5.65,8.35
NU2328E,0.41,2.55,5.68,8.32
NU2330E,0.41,2.55,5.68,8.32
NU2332E,0.4,2.53,5.67,8.33
NU304,0.39,2.18,3.91,6.09
NU305,0.4,2.34,4.38,6.62
NU306,0.4,2.51,4.44,6.56
NU307,0.4,2.5,4.85,7.15
NU308,0.41,2.64,4.9,7.1
NU309,0.4,2.49,4.84,7.16
NU310,0.41,2.57,4.88,7.12
NU311,0.4,2.48,4.83,7.17
NU312,0.41,2.55,4.86,7.14
NU313,0.41,2.6,4.89,7.11
NU314,0.41,2.67,5.32,7.68
NU315,0.41,2.58,5.28,7.72
NU316,0.41,2.75,5.77,8.23
NU317,0.41,2.66,5.32,7.68
NU318,0.41,2.71,5.34,7.66
NU319,0.41,2.75,5.77,8.23
NU320,0.41,2.72,5.76,8.24
NU321,0.41,2.66,5.73,8.27
NU322,0.41,2.64,5.72,8.28
NU324,0.41,2.54,5.27,7.73
NU326,0.41,2.6,5.7,8.3
NU328,0.41,2.66,5.73,8.27
NU330,0.41,2.71,5.75,8.25
NU332,0.42,2.89,6.24,8.76
NU334,0.42,2.86,6.23,8.77
NU336,0.41,2.83,6.21,8.79
NU338,0.42,2.87,6.23,8.77
NU340,0.42,3.02,6.29,8.71
NU344,0.42,2.95,6.27,8.73
NU348,0.42,3,6.7,9.3
NU352,0.42,3.05,6.72,9.28
NU356,0.42,3.08,6.73,9.27
NU304E,0.38,1.91,3.77,6.23
NU305E,0.39,2.09,4.25,6.75
NU306E,0.39,2.23,4.72,7.28
NU307E,0.4,2.32,5.16,7.84
NU308E,0.39,2.25,4.73,7.27
NU310E,0.4,2.44,5.22,7.78
NU311E,0.4,2.36,5.18,7.82
NU312E,0.4,2.43,5.21,7.79
NU313E,0.4,2.36,5.18,7.82
NU314E,0.4,2.42,5.21,7.79
NU315E,0.4,2.38,5.19,7.81
NU316E,0.4,2.42,5.21,7.79
NU317E,0.4,2.48,5.64,8.36
NU318E,0.4,2.43,5.21,7.79
NU319E,0.41,2.58,5.69,8.31
NU320E,0.4,2.39,5.2,7.8
NU322E,0.4,2.51,5.66,8.34
NU324E,0.4,2.43,5.21,7.79
NU326E,0.4,2.49,5.65,8.35
NU328E,0.41,2.55,5.68,8.32
NU330E,0.41,2.55,5.68,8.32
NU332E,0.4,2.53,5.67,8.33
NU405,0.38,2,3.44,5.56
NU406,0.38,1.99,3.43,5.57
NU407,0.39,2.16,3.9,6.1
NU408,0.39,2.09,3.87,6.13
NU409,0.39,2.18,4.3,6.7
NU410,0.39,2.16,4.29,6.71
NU411,0.4,2.33,4.37,6.63
NU412,0.4,2.28,4.35,6.65
NU413,0.4,2.34,4.77,7.23
NU414,0.4,2.32,4.76,7.24
NU415,0.39,2.26,4.34,6.66
NU416,0.39,2.23,4.32,6.68
NU417,0.39,2.16,4.29,6.71
NU418,0.39,2.21,4.31,6.69
NU419,0.4,2.36,4.78,7.22
NU420,0.4,2.28,4.74,7.26
NU421,0.4,2.3,4.75,7.25
NU422,0.4,2.34,4.77,7.23
NU424,0.4,2.28,4.74,7.26
NU426,0.39,2.24,4.72,7.28
NU438,0.4,2.3,4.75,7.25
NU430,0.4,2.45,5.22,7.78
N1005,0.42,3.2,5.93,8.07
N1006,0.43,3.47,6.87,9.13
N1007,0.43,3.68,7.36,9.64
N1008,0.44,3.8,7.84,10.16
N1009,0.44,3.94,7.88,10.12
N1010,0.44,4.28,8.4,10.6
N1011,0.44,4.49,8.9,11.1
N1012,0.45,4.81,9.87,12.13
N1013,0.45,5.12,10.39,12.61
N1014,0.44,4.45,8.89,11.11
N1015,0.45,4.71,9.4,11.6
N1016,0.45,4.61,9.37,11.63
N1017,0.45,4.84,9.87,12.13
N1018,0.45,4.74,9.85,12.15
N1019,0.45,4.95,10.35,12.65
N1020,0.45,5.16,10.85,13.15
N1021,0.45,5.03,10.37,12.63
N1022,0.45,4.62,9.82,12.18
N1024,0.45,4.95,10.8,13.2
N1026,0.45,4.8,10.32,12.68
N1028,0.45,5.1,10.83,13.17
N1030,0.45,5.16,11.3,13.7
N1032,0.45,4.95,10.8,13.2
N1034,0.45,4.84,10.32,12.68
N1036,0.45,4.55,9.8,12.2
N1038,0.45,4.75,10.3,12.7
N1040,0.45,4.86,10.78,13.22
N1044,0.45,4.61,10.27,12.73
N1048,0.45,4.95,11.25,13.75
N1052,0.45,4.8,10.76,13.24
N1056,0.45,5.1,11.29,13.71
N1060,0.45,4.7,10.29,12.71
N1064,0.45,4.95,10.8,13.2
N1068,0.45,4.73,10.3,12.7
N1072,0.45,4.95,10.8,13.2
N1076,0.45,5.18,11.3,13.7
N1080,0.45,4.95,10.8,13.2
N1084,0.45,5.15,11.3,13.7
N1088,0.45,5.19,11.31,13.69
N1092,0.45,5.23,11.32,13.68
N10/500,0.46,5.61,12.31,14.69
N204,0.4,2.49,4.44,6.56
N205,0.42,2.89,5.41,7.59
N206,0.42,2.99,5.44,7.56
N207,0.41,2.85,5.39,7.61
N208,0.42,2.92,5.42,7.58
N209,0.42,3.18,5.92,8.08
N210,0.43,3.45,6.87,9.13
N211,0.43,3.45,6.86,9.14
N212,0.43,3.5,6.88,9.12
N213,0.43,3.5,6.88,9.12
N214,0.43,3.69,7.37,9.63
N215,0.43,3.59,7.34,9.66
N216,0.43,3.61,7.35,9.65
N217,0.43,3.62,7.35,9.65
N218,0.43,3.4,6.85,9.15
N219,0.43,3.41,6.85,9.15
N220,0.43,3.43,6.86,9.14
N221,0.43,3.45,6.86,9.14
N222,0.43,3.31,6.82,9.18
N224,0.43,3.42,7.28,9.72
N226,0.43,3.69,7.8,10.2
N228,0.43,3.69,7.8,10.2
N230,0.43,3.68,7.8,10.2
N232,0.43,3.68,7.8,10.2
N234,0.43,3.69,7.8,10.2
N236,0.44,3.84,8.28,10.72
N238,0.44,3.83,8.28,10.72
N240,0.44,3.83,8.28,10.72
N244,0.44,3.81,8.27,10.73
N248,0.43,3.71,8.24,10.76
N252,0.43,3.63,8.22,10.78
N256,0.44,3.84,8.72,11.28
N260,0.43,3.68,8.23,10.77
N264,0.43,3.68,8.23,10.77
N204E,0.39,2.16,4.29,6.71
N205E,0.4,2.51,5.25,7.75
N206E,0.4,2.49,5.24,7.76
N207E,0.41,2.61,5.71,8.29
N208E,0.41,2.66,5.73,8.27
N209E,0.42,2.89,6.24,8.76
N210E,0.42,3.13,6.75,9.25
N212E,0.42,2.99,6.7,9.3
N213E,0.42,3.04,6.72,9.28
N214E,0.42,3.21,7.21,9.79
N215E,0.43,3.38,7.7,10.3
N216E,0.43,3.41,7.71,10.29
N217E,0.42,3.22,7.21,9.79
N218E,0.42,3.24,7.22,9.78
N219E,0.42,3.1,7.16,9.84
N220E,0.42,3.13,7.17,9.83
N222E,0.42,3.19,7.2,9.8
N224E,0.42,3.18,7.2,9.8
N226E,0.42,3.16,7.19,9.81
N228E,0.43,3.45,8.15,10.85
N230E,0.43,3.46,8.16,10.84
N232E,0.43,3.48,8.16,10.84
N234E,0.43,3.3,7.67,10.33
N236E,0.43,3.44,8.15,10.85
N238E,0.43,3.46,8.15,10.85
N240E,0.43,3.47,8.16,10.84
N2204,0.4,2.49,4.44,6.56
N2205,0.42,2.89,5.41,7.59
N2206,0.42,2.99,5.44,7.56
N2207,0.41,2.85,5.39,7.61
N2208,0.42,2.92,5.42,7.58
N2209,0.42,3.18,5.92,8.08
N2210,0.43,3.45,6.87,9.13
N2211,0.43,3.45,6.86,9.14
N2212,0.43,3.5,6.88,9.12
N2213,0.43,3.5,6.88,9.12
N2214,0.43,3.69,7.37,9.63
N2215,0.43,3.59,7.34,9.66
N2216,0.43,3.61,7.35,9.65
N2217,0.43,3.62,7.35,9.65
N2218,0.43,3.4,6.85,9.15
N2219,0.43,3.41,6.85,9.15
N2220,0.43,3.43,6.86,9.14
N2222,0.43,3.31,6.82,9.18
N2224,0.43,3.42,7.28,9.72
N2226,0.43,3.69,7.8,10.2
N2228,0.43,3.69,7.8,10.2
N2230,0.43,3.68,7.8,10.2
N2232,0.43,3.68,7.8,10.2
N2236,0.44,3.84,8.28,10.72
N2238,0.44,3.83,8.28,10.72
N2240,0.44,3.83,8.28,10.72
N2244,0.44,3.81,8.27,10.73
N2248,0.43,3.71,8.24,10.76
N2252,0.43,3.63,8.22,10.78
N2256,0.44,3.84,8.72,11.28
N2260,0.43,3.68,8.23,10.77
N2264,0.43,3.68,8.23,10.77
N2204E,0.39,2.16,4.29,6.71
N2205E,0.4,2.51,5.25,7.75
N2206E,0.4,2.49,5.24,7.76
N2207E,0.41,2.61,5.71,8.29
N2208E,0.41,2.66,5.73,8.27
N2209E,0.42,2.89,6.24,8.76
N2210E,0.42,3.13,6.75,9.25
N2211E,0.42,3.18,6.77,9.23
N2212E,0.42,2.99,6.7,9.3
N2213E,0.42,3.04,6.72,9.28
N2214E,0.42,3.21,7.21,9.79
N2215E,0.43,3.38,7.7,10.3
N2216E,0.43,3.41,7.71,10.29
N2217E,0.42,3.22,7.21,9.79
N2218E,0.42,3.24,7.22,9.78
N2219E,0.42,3.1,7.16,9.84
N2220E,0.42,3.13,7.17,9.83
N2222E,0.42,3.19,7.2,9.8
N2224E,0.42,3.18,7.2,9.8
N2226E,0.42,3.15,7.18,9.82
N2228E,0.43,3.45,8.15,10.85
N2230E,0.43,3.46,8.16,10.84
N2232E,0.43,3.26,7.65,10.35
N2234E,0.42,3.12,7.17,9.83
N2236E,0.42,3.25,7.65,10.35
N2238E,0.43,3.28,7.66,10.34
N2240E,0.43,3.3,7.66,10.34
N2304,0.39,2.18,3.91,6.09
N2305,0.4,2.34,4.38,6.62
N2306,0.4,2.51,4.44,6.56
N2307,0.4,2.5,4.85,7.15
N2308,0.41,2.64,4.9,7.1
N2309,0.4,2.49,4.84,7.16
N2311,0.4,2.48,4.83,7.17
N2312,0.41,2.55,4.86,7.14
N2313,0.41,2.6,4.89,7.11
N2314,0.41,2.66,5.32,7.68
N2315,0.41,2.58,5.28,7.72
N2316,0.41,2.75,5.36,7.64
N2317,0.41,2.66,5.32,7.68
N2318,0.41,2.71,5.34,7.66
N2319,0.41,2.75,5.77,8.23
N2320,0.41,2.72,5.76,8.24
N2322,0.41,2.64,5.72,8.28
N2324,0.41,2.54,5.27,7.73
N2326,0.41,2.6,5.7,8.3
N2328,0.41,2.66,5.73,8.27
N2320,0.41,2.71,5.75,8.25
N2332,0.42,2.89,6.24,8.76
N2334,0.42,2.86,6.23,8.77
N2336,0.41,2.83,6.21,8.79
N2338,0.42,2.87,6.23,8.77
N2340,0.42,3.02,6.29,8.71
N2344,0.42,2.95,6.27,8.73
N2348,0.42,3,6.7,9.3
N2352,0.42,3.05,6.72,9.28
N2356,0.42,3.08,6.73,9.27
N2304E,0.38,1.91,3.77,6.23
N2305E,0.39,2.09,4.25,6.75
N2306E,0.39,2.23,4.72,7.28
N2307E,0.4,2.32,5.16,7.84
N2308E,0.39,2.25,4.73,7.27
N2309E,0.4,2.35,5.17,7.83
N2310E,0.4,2.44,5.22,7.78
N2311E,0.4,2.36,5.18,7.82
N2312E,0.4,2.43,5.21,7.79
N2313E,0.4,2.36,5.18,7.82
N2314E,0.4,2.42,5.21,7.79
N2315E,0.4,2.38,5.19,7.81
N2316E,0.4,2.42,5.21,7.79
N2317E,0.4,2.48,5.64,8.36
N2318E,0.4,2.43,5.21,7.79
N2319E,0.41,2.58,5.69,8.31
N2320E,0.4,2.39,5.2,7.8
N2322E,0.4,2.51,5.66,8.34
N2326E,0.4,2.49,5.65,8.35
N2328E,0.41,2.55,5.68,8.32
N2330E,0.41,2.55,5.68,8.32
N2332E,0.4,2.53,5.67,8.33
N304,0.39,2.18,3.91,6.09
N305,0.4,2.34,4.38,6.62
N306,0.4,2.51,4.44,6.56
N307,0.4,2.5,4.85,7.15
N308,0.41,2.64,4.9,7.1
N309,0.4,2.49,4.84,7.16
N310,0.41,2.57,4.88,7.12
N311,0.4,2.48,4.83,7.17
N312,0.41,2.55,4.86,7.14
N313,0.41,2.6,4.89,7.11
N314,0.41,2.67,5.32,7.68
N315,0.41,2.58,5.28,7.72
N316,0.41,2.75,5.77,8.23
N317,0.41,2.66,5.32,7.68
N318,0.41,2.71,5.34,7.66
N319,0.41,2.75,5.77,8.23
N320,0.41,2.72,5.76,8.24
N321,0.41,2.66,5.73,8.27
N322,0.41,2.64,5.72,8.28
N324,0.41,2.54,5.27,7.73
N326,0.41,2.6,5.7,8.3
N328,0.41,2.66,5.73,8.27
N330,0.41,2.71,5.75,8.25
N332,0.42,2.89,6.24,8.76
N334,0.42,2.86,6.23,8.77
N336,0.41,2.83,6.21,8.79
N338,0.42,2.87,6.23,8.77
N340,0.42,3.02,6.29,8.71
N344,0.42,2.95,6.27,8.73
N348,0.42,3,6.7,9.3
N352,0.42,3.05,6.72,9.28
N356,0.42,3.08,6.73,9.27
N304E,0.38,1.91,3.77,6.23
N305E,0.39,2.09,4.25,6.75
N306E,0.39,2.23,4.72,7.28
N307E,0.4,2.32,5.16,7.84
N308E,0.39,2.25,4.73,7.27
N309E,0.4,2.35,5.17,7.83
N311E,0.4,2.36,5.18,7.82
N312E,0.4,2.43,5.21,7.79
N313E,0.4,2.36,5.18,7.82
N314E,0.4,2.42,5.21,7.79
N315E,0.4,2.38,5.19,7.81
N316E,0.4,2.42,5.21,7.79
N317E,0.4,2.48,5.64,8.36
N318E,0.4,2.43,5.21,7.79
N319E,0.41,2.58,5.69,8.31
N320E,0.4,2.39,5.2,7.8
N322E,0.4,2.51,5.66,8.34
N324E,0.4,2.43,5.21,7.79
N326E,0.4,2.49,5.65,8.35
N328E,0.41,2.55,5.68,8.32
N330E,0.41,2.55,5.68,8.32
N332E,0.4,2.53,5.67,8.33
N405,0.38,2,3.44,5.56
N406,0.38,1.99,3.43,5.57
N407,0.39,2.16,3.9,6.1
N408,0.39,2.09,3.87,6.13
N409,0.39,2.18,4.3,6.7
N410,0.39,2.16,4.29,6.71
N411,0.4,2.33,4.37,6.63
N412,0.4,2.28,4.35,6.65
N413,0.4,2.34,4.77,7.23
N414,0.4,2.32,4.76,7.24
N415,0.39,2.26,4.34,6.66
N416,0.39,2.23,4.32,6.68
N417,0.39,2.16,4.29,6.71
N418,0.39,2.21,4.31,6.69
N419,0.4,2.36,4.78,7.22
N420,0.4,2.28,4.74,7.26
N421,0.4,2.3,4.75,7.25
N422,0.4,2.34,4.77,7.23
N424,0.4,2.28,4.74,7.26
N426,0.39,2.24,4.72,7.28
N438,0.4,2.3,4.75,7.25
N430,0.4,2.45,5.22,7.78
NJ1005,0.42,3.2,5.93,8.07
NJ1006,0.43,3.47,6.87,9.13
NJ1007,0.43,3.68,7.36,9.64
NJ1008,0.44,3.8,7.84,10.16
NJ1010,0.44,4.28,8.4,10.6
NJ1011,0.44,4.49,8.9,11.1
NJ1012,0.45,4.81,9.87,12.13
NJ1013,0.45,5.12,10.39,12.61
NJ1014,0.44,4.45,8.89,11.11
NJ1015,0.45,4.71,9.4,11.6
NJ1016,0.45,4.61,9.37,11.63
NJ1017,0.45,4.84,9.87,12.13
NJ1018,0.45,4.74,9.85,12.15
NJ1019,0.45,4.95,10.35,12.65
NJ1020,0.45,5.16,10.85,13.15
NJ1021,0.45,5.03,10.37,12.63
NJ1022,0.45,4.62,9.82,12.18
NJ1024,0.45,4.95,10.8,13.2
NJ1026,0.45,4.8,10.32,12.68
NJ1028,0.45,5.1,10.83,13.17
NJ1030,0.45,5.16,11.3,13.7
NJ1032,0.45,4.95,10.8,13.2
NJ1034,0.45,4.84,10.32,12.68
NJ1036,0.45,4.55,9.8,12.2
NJ1038,0.45,4.75,10.3,12.7
NJ1040,0.45,4.86,10.78,13.22
NJ1044,0.45,4.61,10.27,12.73
NJ1048,0.45,4.95,11.25,13.75
NJ1052,0.45,4.8,10.76,13.24
NJ1056,0.45,5.1,11.29,13.71
NJ1060,0.45,4.7,10.29,12.71
NJ1064,0.45,4.95,10.8,13.2
NJ1068,0.45,4.73,10.3,12.7
NJ1072,0.45,4.95,10.8,13.2
NJ1076,0.45,5.18,11.3,13.7
NJ1080,0.45,4.95,10.8,13.2
NJ1084,0.45,5.15,11.3,13.7
NJ1088,0.45,5.19,11.31,13.69
NJ1092,0.45,5.23,11.32,13.68
NJ1096,0.45,5.42,11.81,14.19
NJ10/500,0.46,5.61,12.31,14.69
NJ204,0.4,2.49,4.44,6.56
NJ205,0.42,2.89,5.41,7.59
NJ206,0.42,2.99,5.44,7.56
NJ207,0.41,2.85,5.39,7.61
NJ208,0.42,2.92,5.42,7.58
NJ210,0.43,3.45,6.87,9.13
NJ211,0.43,3.45,6.86,9.14
NJ212,0.43,3.5,6.88,9.12
NJ213,0.43,3.5,6.88,9.12
NJ214,0.43,3.69,7.37,9.63
NJ215,0.43,3.59,7.34,9.66
NJ216,0.43,3.61,7.35,9.65
NJ217,0.43,3.62,7.35,9.65
NJ218,0.43,3.4,6.85,9.15
NJ219,0.43,3.41,6.85,9.15
NJ220,0.43,3.43,6.86,9.14
NJ221,0.43,3.45,6.86,9.14
NJ222,0.43,3.31,6.82,9.18
NJ224,0.43,3.42,7.28,9.72
NJ226,0.43,3.69,7.8,10.2
NJ228,0.43,3.69,7.8,10.2
NJ230,0.43,3.68,7.8,10.2
NJ232,0.43,3.68,7.8,10.2
NJ234,0.43,3.69,7.8,10.2
NJ236,0.44,3.84,8.28,10.72
NJ238,0.44,3.83,8.28,10.72
NJ240,0.44,3.83,8.28,10.72
NJ244,0.44,3.81,8.27,10.73
NJ248,0.43,3.71,8.24,10.76
NJ252,0.43,3.63,8.22,10.78
NJ256,0.44,3.84,8.72,11.28
NJ260,0.43,3.68,8.23,10.77
NJ264,0.43,3.68,8.23,10.77
NJ204E,0.39,2.16,4.29,6.71
NJ205E,0.4,2.51,5.25,7.75
NJ206E,0.4,2.49,5.24,7.76
NJ207E,0.41,2.61,5.71,8.29
NJ208E,0.41,2.66,5.73,8.27
NJ209E,0.42,2.89,6.24,8.76
NJ210E,0.42,3.13,6.75,9.25
NJ211E,0.42,3.18,6.77,9.23
NJ212E,0.42,2.99,6.7,9.3
NJ213E,0.42,3.04,6.72,9.28
NJ214E,0.42,3.21,7.21,9.79
NJ215E,0.43,3.38,7.7,10.3
NJ216E,0.43,3.41,7.71,10.29
NJ217E,0.42,3.22,7.21,9.79
NJ219E,0.42,3.1,7.16,9.84
NJ220E,0.42,3.13,7.17,9.83
NJ222E,0.42,3.19,7.2,9.8
NJ224E,0.42,3.18,7.2,9.8
NJ226E,0.42,3.16,7.19,9.81
NJ228E,0.43,3.45,8.15,10.85
NJ230E,0.43,3.46,8.16,10.84
NJ232E,0.43,3.48,8.16,10.84
NJ234E,0.43,3.3,7.67,10.33
NJ236E,0.43,3.44,8.15,10.85
NJ238E,0.43,3.46,8.15,10.85
NJ240E,0.43,3.47,8.16,10.84
NJ2204,0.4,2.49,4.44,6.56
NJ2205,0.42,2.89,5.41,7.59
NJ2206,0.42,2.99,5.44,7.56
NJ2207,0.41,2.85,5.39,7.61
NJ2208,0.42,2.92,5.42,7.58
NJ2209,0.42,3.18,5.92,8.08
NJ2210,0.43,3.45,6.87,9.13
NJ2211,0.43,3.45,6.86,9.14
NJ2212,0.43,3.5,6.88,9.12
NJ2213,0.43,3.5,6.88,9.12
NJ2214,0.43,3.69,7.37,9.63
NJ2215,0.43,3.59,7.34,9.66
NJ2216,0.43,3.61,7.35,9.65
NJ2217,0.43,3.62,7.35,9.65
NJ2218,0.43,3.4,6.85,9.15
NJ2219,0.43,3.41,6.85,9.15
NJ2220,0.43,3.43,6.86,9.14
NJ2222,0.43,3.31,6.82,9.18
NJ2224,0.43,3.42,7.28,9.72
NJ2226,0.43,3.69,7.8,10.2
NJ2228,0.43,3.69,7.8,10.2
NJ2230,0.43,3.68,7.8,10.2
NJ2232,0.43,3.68,7.8,10.2
NJ2234,0.43,3.69,7.8,10.2
NJ2236,0.44,3.84,8.28,10.72
NJ2238,0.44,3.83,8.28,10.72
NJ2240,0.44,3.83,8.28,10.72
NJ2244,0.44,3.81,8.27,10.73
NJ2248,0.43,3.71,8.24,10.76
NJ2252,0.43,3.63,8.22,10.78
NJ2260,0.43,3.68,8.23,10.77
NJ2264,0.43,3.68,8.23,10.77
NJ2204E,0.39,2.16,4.29,6.71
NJ2205E,0.4,2.51,5.25,7.75
NJ2206E,0.4,2.49,5.24,7.76
NJ2207E,0.41,2.61,5.71,8.29
NJ2208E,0.41,2.66,5.73,8.27
NJ2209E,0.42,2.89,6.24,8.76
NJ2210E,0.42,3.13,6.75,9.25
NJ2211E,0.42,3.18,6.77,9.23
NJ2212E,0.42,2.99,6.7,9.3
NJ2213E,0.42,3.04,6.72,9.28
NJ2214E,0.42,3.21,7.21,9.79
NJ2215E,0.43,3.38,7.7,10.3
NJ2216E,0.43,3.41,7.71,10.29
NJ2217E,0.42,3.22,7.21,9.79
NJ2218E,0.42,3.24,7.22,9.78
NJ2219E,0.42,3.1,7.16,9.84
NJ2220E,0.42,3.13,7.17,9.83
NJ2222E,0.42,3.19,7.2,9.8
NJ2224E,0.42,3.18,7.2,9.8
NJ2226E,0.42,3.15,7.18,9.82
NJ2228E,0.43,3.45,8.15,10.85
NJ2230E,0.43,3.46,8.16,10.84
NJ2232E,0.43,3.26,7.65,10.35
NJ2234E,0.42,3.12,7.17,9.83
NJ2236E,0.42,3.25,7.65,10.35
NJ2238E,0.43,3.28,7.66,10.34
NJ2240E,0.43,3.3,7.66,10.34
NJ2304,0.39,2.18,3.91,6.09
NJ2305,0.4,2.34,4.38,6.62
NJ2306,0.4,2.51,4.44,6.56
NJ2307,0.4,2.5,4.85,7.15
NJ2308,0.41,2.64,4.9,7.1
NJ2309,0.4,2.49,4.84,7.16
NJ2310,0.41,2.57,4.88,7.12
NJ2311,0.4,2.48,4.83,7.17
NJ2312,0.41,2.55,4.86,7.14
NJ2313,0.41,2.6,4.89,7.11
NJ2314,0.41,2.66,5.32,7.68
NJ2315,0.41,2.58,5.28,7.72
NJ2316,0.41,2.75,5.36,7.64
NJ2318,0.41,2.71,5.34,7.66
NJ2319,0.41,2.75,5.77,8.23
NJ2320,0.41,2.72,5.76,8.24
NJ2322,0.41,2.64,5.72,8.28
NJ2324,0.41,2.54,5.27,7.73
NJ2326,0.41,2.6,5.7,8.3
NJ2328,0.41,2.66,5.73,8.27
NJ2320,0.41,2.71,5.75,8.25
NJ2332,0.42,2.89,6.24,8.76
NJ2334,0.42,2.86,6.23,8.77
NJ2336,0.41,2.83,6.21,8.79
NJ2338,0.42,2.87,6.23,8.77
NJ2340,0.42,3.02,6.29,8.71
NJ2344,0.42,2.95,6.27,8.73
NJ2348,0.42,3,6.7,9.3
NJ2352,0.42,3.05,6.72,9.28
NJ2356,0.42,3.08,6.73,9.27
NJ2304E,0.38,1.91,3.77,6.23
NJ2305E,0.39,2.09,4.25,6.75
NJ2306E,0.39,2.23,4.72,7.28
NJ2307E,0.4,2.32,5.16,7.84
NJ2308E,0.39,2.25,4.73,7.27
NJ2309E,0.4,2.35,5.17,7.83
NJ2310E,0.4,2.44,5.22,7.78
NJ2311E,0.4,2.36,5.18,7.82
NJ2312E,0.4,2.43,5.21,7.79
NJ2313E,0.4,2.36,5.18,7.82
NJ2314E,0.4,2.42,5.21,7.79
NJ2315E,0.4,2.38,5.19,7.81
NJ2316E,0.4,2.42,5.21,7.79
NJ2317E,0.4,2.48,5.64,8.36
NJ2318E,0.4,2.43,5.21,7.79
NJ2319E,0.41,2.58,5.69,8.31
NJ2320E,0.4,2.39,5.2,7.8
NJ2322E,0.4,2.51,5.66,8.34
NJ2324E,0.4,2.43,5.21,7.79
NJ2326E,0.4,2.49,5.65,8.35
NJ2328E,0.41,2.55,5.68,8.32
NJ2330E,0.41,2.55,5.68,8.32
NJ2332E,0.4,2.53,5.67,8.33
NJ304,0.39,2.18,3.91,6.09
NJ305,0.4,2.34,4.38,6.62
NJ307,0.4,2.5,4.85,7.15
NJ308,0.41,2.64,4.9,7.1
NJ309,0.4,2.49,4.84,7.16
NJ310,0.41,2.57,4.88,7.12
NJ311,0.4,2.48,4.83,7.17
NJ312,0.41,2.55,4.86,7.14
NJ313,0.41,2.6,4.89,7.11
NJ314,0.41,2.67,5.32,7.68
NJ315,0.41,2.58,5.28,7.72
NJ316,0.41,2.75,5.77,8.23
NJ317,0.41,2.66,5.32,7.68
NJ318,0.41,2.71,5.34,7.66
NJ319,0.41,2.75,5.77,8.23
NJ320,0.41,2.72,5.76,8.24
NJ321,0.41,2.66,5.73,8.27
NJ322,0.41,2.64,5.72,8.28
NJ324,0.41,2.54,5.27,7.73
NJ326,0.41,2.6,5.7,8.3
NJ328,0.41,2.66,5.73,8.27
NJ330,0.41,2.71,5.75,8.25
NJ332,0.42,2.89,6.24,8.76
NJ334,0.42,2.86,6.23,8.77
NJ336,0.41,2.83,6.21,8.79
NJ338,0.42,2.87,6.23,8.77
NJ340,0.42,3.02,6.29,8.71
NJ344,0.42,2.95,6.27,8.73
NJ348,0.42,3,6.7,9.3
NJ352,0.42,3.05,6.72,9.28
NJ356,0.42,3.08,6.73,9.27
NJ304E,0.38,1.91,3.77,6.23
NJ305E,0.39,2.09,4.25,6.75
NJ306E,0.39,2.23,4.72,7.28
NJ307E,0.4,2.32,5.16,7.84
NJ308E,0.39,2.25,4.73,7.27
NJ309E,0.4,2.35,5.17,7.83
NJ310E,0.4,2.44,5.22,7.78
NJ311E,0.4,2.36,5.18,7.82
NJ312E,0.4,2.43,5.21,7.79
NJ313E,0.4,2.36,5.18,7.82
NJ314E,0.4,2.42,5.21,7.79
NJ315E,0.4,2.38,5.19,7.81
NJ316E,0.4,2.42,5.21,7.79
NJ318E,0.4,2.43,5.21,7.79
NJ319E,0.41,2.58,5.69,8.31
NJ320E,0.4,2.39,5.2,7.8
NJ322E,0.4,2.51,5.66,8.34
NJ324E,0.4,2.43,5.21,7.79
NJ326E,0.4,2.49,5.65,8.35
NJ328E,0.41,2.55,5.68,8.32
NJ330E,0.41,2.55,5.68,8.32
NJ332E,0.4,2.53,5.67,8.33
NJ405,0.38,2,3.44,5.56
NJ406,0.38,1.99,3.43,5.57
NJ407,0.39,2.16,3.9,6.1
NJ408,0.39,2.09,3.87,6.13
NJ409,0.39,2.18,4.3,6.7
NJ410,0.39,2.16,4.29,6.71
NJ411,0.4,2.33,4.37,6.63
NJ412,0.4,2.28,4.35,6.65
NJ413,0.4,2.34,4.77,7.23
NJ414,0.4,2.32,4.76,7.24
NJ415,0.39,2.26,4.34,6.66
NJ416,0.39,2.23,4.32,6.68
NJ417,0.39,2.16,4.29,6.71
NJ418,0.39,2.21,4.31,6.69
NJ419,0.4,2.36,4.78,7.22
NJ420,0.4,2.28,4.74,7.26
NJ421,0.4,2.3,4.75,7.25
NJ422,0.4,2.34,4.77,7.23
NJ424,0.4,2.28,4.74,7.26
NJ426,0.39,2.24,4.72,7.28
NJ438,0.4,2.3,4.75,7.25
NJ430,0.4,2.45,5.22,7.78
NF1005,0.42,3.2,5.93,8.07
NF1006,0.43,3.47,6.87,9.13
NF1007,0.43,3.68,7.36,9.64
NF1008,0.44,3.8,7.84,10.16
NF1009,0.44,3.94,7.88,10.12
NF1010,0.44,4.28,8.4,10.6
NF1011,0.44,4.49,8.9,11.1
NF1012,0.45,4.81,9.87,12.13
NF1013,0.45,5.12,10.39,12.61
NF1014,0.44,4.45,8.89,11.11
NF1015,0.45,4.71,9.4,11.6
NF1017,0.45,4.84,9.87,12.13
NF1018,0.45,4.74,9.85,12.15
NF1019,0.45,4.95,10.35,12.65
NF1020,0.45,5.16,10.85,13.15
NF1021,0.45,5.03,10.37,12.63
NF1022,0.45,4.62,9.82,12.18
NF1024,0.45,4.95,10.8,13.2
NF1026,0.45,4.8,10.32,12.68
NF1028,0.45,5.1,10.83,13.17
NF1030,0.45,5.16,11.3,13.7
NF1032,0.45,4.95,10.8,13.2
NF1034,0.45,4.84,10.32,12.68
NF1036,0.45,4.55,9.8,12.2
NF1038,0.45,4.75,10.3,12.7
NF1040,0.45,4.86,10.78,13.22
NF1044,0.45,4.61,10.27,12.73
NF1048,0.45,4.95,11.25,13.75
NF1052,0.45,4.8,10.76,13.24
NF1056,0.45,5.1,11.29,13.71
NF1060,0.45,4.7,10.29,12.71
NF1064,0.45,4.95,10.8,13.2
NF1068,0.45,4.73,10.3,12.7
NF1072,0.45,4.95,10.8,13.2
NF1076,0.45,5.18,11.3,13.7
NF1080,0.45,4.95,10.8,13.2
NF1084,0.45,5.15,11.3,13.7
NF1088,0.45,5.19,11.31,13.69
NF1092,0.45,5.23,11.32,13.68
NF1096,0.45,5.42,11.81,14.19
NF10/500,0.46,5.61,12.31,14.69
NF204,0.4,2.49,4.44,6.56
NF205,0.42,2.89,5.41,7.59
NF206,0.42,2.99,5.44,7.56
NF207,0.41,2.85,5.39,7.61
NF208,0.42,2.92,5.42,7.58
NF209,0.42,3.18,5.92,8.08
NF210,0.43,3.45,6.87,9.13
NF211,0.43,3.45,6.86,9.14
NF212,0.43,3.5,6.88,9.12
NF213,0.43,3.5,6.88,9.12
NF214,0.43,3.69,7.37,9.63
NF215,0.43,3.59,7.34,9.66
NF217,0.43,3.62,7.35,9.65
NF218,0.43,3.4,6.85,9.15
NF219,0.43,3.41,6.85,9.15
NF220,0.43,3.43,6.86,9.14
NF221,0.43,3.45,6.86,9.14
NF222,0.43,3.31,6.82,9.18
NF224,0.43,3.42,7.28,9.72
NF226,0.43,3.69,7.8,10.2
NF228,0.43,3.69,7.8,10.2
NF230,0.43,3.68,7.8,10.2
NF232,0.43,3.68,7.8,10.2
NF234,0.43,3.69,7.8,10.2
NF236,0.44,3.84,8.28,10.72
NF238,0.44,3.83,8.28,10.72
NF240,0.44,3.83,8.28,10.72
NF244,0.44,3.81,8.27,10.73
NF248,0.43,3.71,8.24,10.76
NF252,0.43,3.63,8.22,10.78
NF256,0.44,3.84,8.72,11.28
NF260,0.43,3.68,8.23,10.77
NF264,0.43,3.68,8.23,10.77
NF204E,0.39,2.16,4.29,6.71
NF205E,0.4,2.51,5.25,7.75
NF206E,0.4,2.49,5.24,7.76
NF207E,0.41,2.61,5.71,8.29
NF208E,0.41,2.66,5.73,8.27
NF209E,0.42,2.89,6.24,8.76
NF210E,0.42,3.13,6.75,9.25
NF211E,0.42,3.18,6.77,9.23
NF212E,0.42,2.99,6.7,9.3
NF213E,0.42,3.04,6.72,9.28
NF214E,0.42,3.21,7.21,9.79
NF215E,0.43,3.38,7.7,10.3
NF216E,0.43,3.41,7.71,10.29
NF217E,0.42,3.22,7.21,9.79
NF218E,0.42,3.24,7.22,9.78
NF219E,0.42,3.1,7.16,9.84
NF220E,0.42,3.13,7.17,9.83
NF222E,0.42,3.19,7.2,9.8
NF224E,0.42,3.18,7.2,9.8
NF226E,0.42,3.16,7.19,9.81
NF228E,0.43,3.45,8.15,10.85
NF232E,0.43,3.48,8.16,10.84
NF234E,0.43,3.3,7.67,10.33
NF236E,0.43,3.44,8.15,10.85
NF238E,0.43,3.46,8.15,10.85
NF240E,0.43,3.47,8.16,10.84
NF2204,0.4,2.49,4.44,6.56
NF2205,0.42,2.89,5.41,7.59
NF2206,0.42,2.99,5.44,7.56
NF2207,0.41,2.85,5.39,7.61
NF2208,0.42,2.92,5.42,7.58
NF2209,0.42,3.18,5.92,8.08
NF2210,0.43,3.45,6.87,9.13
NF2211,0.43,3.45,6.86,9.14
NF2212,0.43,3.5,6.88,9.12
NF2213,0.43,3.5,6.88,9.12
NF2214,0.43,3.69,7.37,9.63
NF2215,0.43,3.59,7.34,9.66
NF2216,0.43,3.61,7.35,9.65
NF2217,0.43,3.62,7.35,9.65
NF2218,0.43,3.4,6.85,9.15
NF2219,0.43,3.41,6.85,9.15
NF2220,0.43,3.43,6.86,9.14
NF2222,0.43,3.31,6.82,9.18
NF2224,0.43,3.42,7.28,9.72
NF2226,0.43,3.69,7.8,10.2
NF2228,0.43,3.69,7.8,10.2
NF2230,0.43,3.68,7.8,10.2
NF2232,0.43,3.68,7.8,10.2
NF2234,0.43,3.69,7.8,10.2
NF2236,0.44,3.84,8.28,10.72
NF2238,0.44,3.83,8.28,10.72
NF2240,0.44,3.83,8.28,10.72
NF2244,0.44,3.81,8.27,10.73
NF2248,0.43,3.71,8.24,10.76
NF2252,0.43,3.63,8.22,10.78
NF2256,0.44,3.84,8.72,11.28
NF2260,0.43,3.68,8.23,10.77
NF2264,0.43,3.68,8.23,10.77
NF2204E,0.39,2.16,4.29,6.71
NF2205E,0.4,2.51,5.25,7.75
NF2206E,0.4,2.49,5.24,7.76
NF2207E,0.41,2.61,5.71,8.29
NF2209E,0.42,2.89,6.24,8.76
NF2210E,0.42,3.13,6.75,9.25
NF2211E,0.42,3.18,6.77,9.23
NF2212E,0.42,2.99,6.7,9.3
NF2213E,0.42,3.04,6.72,9.28
NF2214E,0.42,3.21,7.21,9.79
NF2215E,0.43,3.38,7.7,10.3
NF2216E,0.43,3.41,7.71,10.29
NF2217E,0.42,3.22,7.21,9.79
NF2218E,0.42,3.24,7.22,9.78
NF2219E,0.42,3.1,7.16,9.84
NF2220E,0.42,3.13,7.17,9.83
NF2222E,0.42,3.19,7.2,9.8
NF2224E,0.42,3.18,7.2,9.8
NF2226E,0.42,3.15,7.18,9.82
NF2228E,0.43,3.45,8.15,10.85
NF2230E,0.43,3.46,8.16,10.84
NF2232E,0.43,3.26,7.65,10.35
NF2234E,0.42,3.12,7.17,9.83
NF2236E,0.42,3.25,7.65,10.35
NF2238E,0.43,3.28,7.66,10.34
NF2240E,0.43,3.3,7.66,10.34
NF2304,0.39,2.18,3.91,6.09
NF2305,0.4,2.34,4.38,6.62
NF2306,0.4,2.51,4.44,6.56
NF2307,0.4,2.5,4.85,7.15
NF2308,0.41,2.64,4.9,7.1
NF2309,0.4,2.49,4.84,7.16
NF2310,0.41,2.57,4.88,7.12
NF2311,0.4,2.48,4.83,7.17
NF2312,0.41,2.55,4.86,7.14
NF2313,0.41,2.6,4.89,7.11
NF2314,0.41,2.66,5.32,7.68
NF2315,0.41,2.58,5.28,7.72
NF2316,0.41,2.75,5.36,7.64
NF2317,0.41,2.66,5.32,7.68
NF2318,0.41,2.71,5.34,7.66
NF2319,0.41,2.75,5.77,8.23
NF2320,0.41,2.72,5.76,8.24
NF2322,0.41,2.64,5.72,8.28
NF2324,0.41,2.54,5.27,7.73
NF2326,0.41,2.6,5.7,8.3
NF2320,0.41,2.71,5.75,8.25
NF2332,0.42,2.89,6.24,8.76
NF2334,0.42,2.86,6.23,8.77
NF2336,0.41,2.83,6.21,8.79
NF2338,0.42,2.87,6.23,8.77
NF2340,0.42,3.02,6.29,8.71
NF2344,0.42,2.95,6.27,8.73
NF2348,0.42,3,6.7,9.3
NF2352,0.42,3.05,6.72,9.28
NF2356,0.42,3.08,6.73,9.27
NF2304E,0.38,1.91,3.77,6.23
NF2305E,0.39,2.09,4.25,6.75
NF2306E,0.39,2.23,4.72,7.28
NF2307E,0.4,2.32,5.16,7.84
NF2308E,0.39,2.25,4.73,7.27
NF2309E,0.4,2.35,5.17,7.83
NF2310E,0.4,2.44,5.22,7.78
NF2311E,0.4,2.36,5.18,7.82
NF2312E,0.4,2.43,5.21,7.79
NF2313E,0.4,2.36,5.18,7.82
NF2314E,0.4,2.42,5.21,7.79
NF2315E,0.4,2.38,5.19,7.81
NF2316E,0.4,2.42,5.21,7.79
NF2317E,0.4,2.48,5.64,8.36
NF2318E,0.4,2.43,5.21,7.79
NF2319E,0.41,2.58,5.69,8.31
NF2320E,0.4,2.39,5.2,7.8
NF2322E,0.4,2.51,5.66,8.34
NF2324E,0.4,2.43,5.21,7.79
NF2326E,0.4,2.49,5.65,8.35
NF2328E,0.41,2.55,5.68,8.32
NF2330E,0.41,2.55,5.68,8.32
NF2332E,0.4,2.53,5.67,8.33
NF304,0.39,2.18,3.91,6.09
NF305,0.4,2.34,4.38,6.62
NF306,0.4,2.51,4.44,6.56
NF307,0.4,2.5,4.85,7.15
NF308,0.41,2.64,4.9,7.1
NF309,0.4,2.49,4.84,7.16
NF310,0.41,2.57,4.88,7.12
NF311,0.4,2.48,4.83,7.17
NF312,0.41,2.55,4.86,7.14
NF314,0.41,2.67,5.32,7.68
NF315,0.41,2.58,5.28,7.72
NF316,0.41,2.75,5.77,8.23
NF317,0.41,2.66,5.32,7.68
NF318,0.41,2.71,5.34,7.66
NF319,0.41,2.75,5.77,8.23
NF320,0.41,2.72,5.76,8.24
NF321,0.41,2.66,5.73,8.27
NF322,0.41,2.64,5.72,8.28
NF324,0.41,2.54,5.27,7.73
NF326,0.41,2.6,5.7,8.3
NF328,0.41,2.66,5.73,8.27
NF330,0.41,2.71,5.75,8.25
NF332,0.42,2.89,6.24,8.76
NF334,0.42,2.86,6.23,8.77
NF336,0.41,2.83,6.21,8.79
NF338,0.42,2.87,6.23,8.77
NF340,0.42,3.02,6.29,8.71
NF344,0.42,2.95,6.27,8.73
NF348,0.42,3,6.7,9.3
NF352,0.42,3.05,6.72,9.28
NF356,0.42,3.08,6.73,9.27
NF304E,0.38,1.91,3.77,6.23
NF305E,0.39,2.09,4.25,6.75
NF306E,0.39,2.23,4.72,7.28
NF307E,0.4,2.32,5.16,7.84
NF308E,0.39,2.25,4.73,7.27
NF309E,0.4,2.35,5.17,7.83
NF310E,0.4,2.44,5.22,7.78
NF311E,0.4,2.36,5.18,7.82
NF312E,0.4,2.43,5.21,7.79
NF313E,0.4,2.36,5.18,7.82
NF314E,0.4,2.42,5.21,7.79
NF315E,0.4,2.38,5.19,7.81
NF316E,0.4,2.42,5.21,7.79
NF317E,0.4,2.48,5.64,8.36
NF318E,0.4,2.43,5.21,7.79
NF319E,0.41,2.58,5.69,8.31
NF320E,0.4,2.39,5.2,7.8
NF322E,0.4,2.51,5.66,8.34
NF324E,0.4,2.43,5.21,7.79
NF326E,0.4,2.49,5.65,8.35
NF330E,0.41,2.55,5.68,8.32
NF332E,0.4,2.53,5.67,8.33
NF405,0.38,2,3.44,5.56
NF406,0.38,1.99,3.43,5.57
NF407,0.39,2.16,3.9,6.1
NF408,0.39,2.09,3.87,6.13
NF409,0.39,2.18,4.3,6.7
NF410,0.39,2.16,4.29,6.71
NF411,0.4,2.33,4.37,6.63
NF412,0.4,2.28,4.35,6.65
NF413,0.4,2.34,4.77,7.23
NF414,0.4,2.32,4.76,7.24
NF415,0.39,2.26,4.34,6.66
NF416,0.39,2.23,4.32,6.68
NF417,0.39,2.16,4.29,6.71
NF418,0.39,2.21,4.31,6.69
NF419,0.4,2.36,4.78,7.22
NF420,0.4,2.28,4.74,7.26
NF421,0.4,2.3,4.75,7.25
NF422,0.4,2.34,4.77,7.23
NF424,0.4,2.28,4.74,7.26
NF426,0.39,2.24,4.72,7.28
NF438,0.4,2.3,4.75,7.25
NF430,0.4,2.45,5.22,7.78
NUP1005,0.42,3.2,5.93,8.07
NUP1006,0.43,3.47,6.87,9.13
NUP1007,0.43,3.68,7.36,9.64
NUP1008,0.44,3.8,7.84,10.16
NUP1009,0.44,3.94,7.88,10.12
NUP1010,0.44,4.28,8.4,10.6
NUP1011,0.44,4.49,8.9,11.1
NUP1012,0.45,4.81,9.87,12.13
NUP1013,0.45,5.12,10.39,12.61
NUP1014,0.44,4.45,8.89,11.11
NUP1015,0.45,4.71,9.4,11.6
NUP1016,0.45,4.61,9.37,11.63
NUP1017,0.45,4.84,9.87,12.13
NUP1018,0.45,4.74,9.85,12.15
NUP1019,0.45,4.95,10.35,12.65
NUP1020,0.45,5.16,10.85,13.15
NUP1021,0.45,5.03,10.37,12.63
NUP1022,0.45,4.62,9.82,12.18
NUP1026,0.45,4.8,10.32,12.68
NUP1028,0.45,5.1,10.83,13.17
NUP1030,0.45,5.16,11.3,13.7
NUP1032,0.45,4.95,10.8,13.2
NUP1034,0.45,4.84,10.32,12.68
NUP1036,0.45,4.55,9.8,12.2
NUP1038,0.45,4.75,10.3,12.7
NUP1040,0.45,4.86,10.78,13.22
NUP1044,0.45,4.61,10.27,12.73
NUP1048,0.45,4.95,11.25,13.75
NUP1052,0.45,4.8,10.76,13.24
NUP1056,0.45,5.1,11.29,13.71
NUP1060,0.45,4.7,10.29,12.71
NUP1064,0.45,4.95,10.8,13.2
NUP1068,0.45,4.73,10.3,12.7
NUP1072,0.45,4.95,10.8,13.2
NUP1076,0.45,5.18,11.3,13.7
NUP1080,0.45,4.95,10.8,13.2
NUP1084,0.45,5.15,11.3,13.7
NUP1088,0.45,5.19,11.31,13.69
NUP1092,0.45,5.23,11.32,13.68
NUP1096,0.45,5.42,11.81,14.19
NUP10/500,0.46,5.61,12.31,14.69
NUP204,0.4,2.49,4.44,6.56
NUP205,0.42,2.89,5.41,7.59
NUP206,0.42,2.99,5.44,7.56
NUP207,0.41,2.85,5.39,7.61
NUP208,0.42,2.92,5.42,7.58
NUP209,0.42,3.18,5.92,8.08
NUP210,0.43,3.45,6.87,9.13
NUP211,0.43,3.45,6.86,9.14
NUP212,0.43,3.5,6.88,9.12
NUP213,0.43,3.5,6.88,9.12
NUP214,0.43,3.69,7.37,9.63
NUP215,0.43,3.59,7.34,9.66
NUP216,0.43,3.61,7.35,9.65
NUP217,0.43,3.62,7.35,9.65
NUP218,0.43,3.4,6.85,9.15
NUP219,0.43,3.41,6.85,9.15
NUP220,0.43,3.43,6.86,9.14
NUP221,0.43,3.45,6.86,9.14
NUP222,0.43,3.31,6.82,9.18
NUP226,0.43,3.69,7.8,10.2
NUP228,0.43,3.69,7.8,10.2
NUP230,0.43,3.68,7.8,10.2
NUP232,0.43,3.68,7.8,10.2
NUP234,0.43,3.69,7.8,10.2
NUP236,0.44,3.84,8.28,10.72
NUP238,0.44,3.83,8.28,10.72
NUP240,0.44,3.83,8.28,10.72
NUP244,0.44,3.81,8.27,10.73
NUP248,0.43,3.71,8.24,10.76
NUP252,0.43,3.63,8.22,10.78
NUP256,0.44,3.84,8.72,11.28
NUP260,0.43,3.68,8.23,10.77
NUP264,0.43,3.68,8.23,10.77
NUP204E,0.39,2.16,4.29,6.71
NUP205E,0.4,2.51,5.25,7.75
NUP206E,0.4,2.49,5.24,7.76
NUP207E,0.41,2.61,5.71,8.29
NUP208E,0.41,2.66,5.73,8.27
NUP209E,0.42,2.89,6.24,8.76
NUP210E,0.42,3.13,6.75,9.25
NUP211E,0.42,3.18,6.77,9.23
NUP212E,0.42,2.99,6.7,9.3
NUP213E,0.42,3.04,6.72,9.28
NUP214E,0.42,3.21,7.21,9.79
NUP215E,0.43,3.38,7.7,10.3
NUP216E,0.43,3.41,7.71,10.29
NUP217E,0.42,3.22,7.21,9.79
NUP218E,0.42,3.24,7.22,9.78
NUP219E,0.42,3.1,7.16,9.84
NUP220E,0.42,3.13,7.17,9.83
NUP222E,0.42,3.19,7.2,9.8
NUP224E,0.42,3.18,7.2,9.8
NUP226E,0.42,3.16,7.19,9.81
NUP228E,0.43,3.45,8.15,10.85
NUP230E,0.43,3.46,8.16,10.84
NUP232E,0.43,3.48,8.16,10.84
NUP234E,0.43,3.3,7.67,10.33
NUP236E,0.43,3.44,8.15,10.85
NUP238E,0.43,3.46,8.15,10.85
NUP240E,0.43,3.47,8.16,10.84
NUP2204,0.4,2.49,4.44,6.56
NUP2206,0.42,2.99,5.44,7.56
NUP2207,0.41,2.85,5.39,7.61
NUP2208,0.42,2.92,5.42,7.58
NUP2209,0.42,3.18,5.92,8.08
NUP2210,0.43,3.45,6.87,9.13
NUP2211,0.43,3.45,6.86,9.14
NUP2212,0.43,3.5,6.88,9.12
NUP2213,0.43,3.5,6.88,9.12
NUP2214,0.43,3.69,7.37,9.63
NUP2215,0.43,3.59,7.34,9.66
NUP2216,0.43,3.61,7.35,9.65
NUP2217,0.43,3.62,7.35,9.65
NUP2218,0.43,3.4,6.85,9.15
NUP2219,0.43,3.41,6.85,9.15
NUP2220,0.43,3.43,6.86,9.14
NUP2222,0.43,3.31,6.82,9.18
NUP2224,0.43,3.42,7.28,9.72
NUP2226,0.43,3.69,7.8,10.2
NUP2228,0.43,3.69,7.8,10.2
NUP2230,0.43,3.68,7.8,10.2
NUP2232,0.43,3.68,7.8,10.2
NUP2234,0.43,3.69,7.8,10.2
NUP2236,0.44,3.84,8.28,10.72
NUP2238,0.44,3.83,8.28,10.72
NUP2240,0.44,3.83,8.28,10.72
NUP2244,0.44,3.81,8.27,10.73
NUP2248,0.43,3.71,8.24,10.76
NUP2252,0.43,3.63,8.22,10.78
NUP2256,0.44,3.84,8.72,11.28
NUP2260,0.43,3.68,8.23,10.77
NUP2264,0.43,3.68,8.23,10.77
NUP2204E,0.39,2.16,4.29,6.71
NUP2205E,0.4,2.51,5.25,7.75
NUP2206E,0.4,2.49,5.24,7.76
NUP2207E,0.41,2.61,5.71,8.29
NUP2208E,0.41,2.66,5.73,8.27
NUP2209E,0.42,2.89,6.24,8.76
NUP2210E,0.42,3.13,6.75,9.25
NUP2211E,0.42,3.18,6.77,9.23
NUP2212E,0.42,2.99,6.7,9.3
NUP2213E,0.42,3.04,6.72,9.28
NUP2214E,0.42,3.21,7.21,9.79
NUP2216E,0.43,3.41,7.71,10.29
NUP2217E,0.42,3.22,7.21,9.79
NUP2218E,0.42,3.24,7.22,9.78
NUP2219E,0.42,3.1,7.16,9.84
NUP2220E,0.42,3.13,7.17,9.83
NUP2222E,0.42,3.19,7.2,9.8
NUP2224E,0.42,3.18,7.2,9.8
NUP2226E,0.42,3.15,7.18,9.82
NUP2228E,0.43,3.45,8.15,10.85
NUP2230E,0.43,3.46,8.16,10.84
NUP2232E,0.43,3.26,7.65,10.35
NUP2234E,0.42,3.12,7.17,9.83
NUP2236E,0.42,3.25,7.65,10.35
NUP2238E,0.43,3.28,7.66,10.34
NUP2240E,0.43,3.3,7.66,10.34
NUP2304,0.39,2.18,3.91,6.09
NUP2305,0.4,2.34,4.38,6.62
NUP2306,0.4,2.51,4.44,6.56
NUP2307,0.4,2.5,4.85,7.15
NUP2308,0.41,2.64,4.9,7.1
NUP2309,0.4,2.49,4.84,7.16
NUP2310,0.41,2.57,4.88,7.12
NUP2311,0.4,2.48,4.83,7.17
NUP2312,0.41,2.55,4.86,7.14
NUP2313,0.41,2.6,4.89,7.11
NUP2314,0.41,2.66,5.32,7.68
NUP2315,0.41,2.58,5.28,7.72
NUP2316,0.41,2.75,5.36,7.64
NUP2317,0.41,2.66,5.32,7.68
NUP2318,0.41,2.71,5.34,7.66
NUP2319,0.41,2.75,5.77,8.23
NUP2320,0.41,2.72,5.76,8.24
NUP2322,0.41,2.64,5.72,8.28
NUP2324,0.41,2.54,5.27,7.73
NUP2326,0.41,2.6,5.7,8.3
NUP2328,0.41,2.66,5.73,8.27
NUP2320,0.41,2.71,5.75,8.25
NUP2332,0.42,2.89,6.24,8.76
NUP2334,0.42,2.86,6.23,8.77
NUP2336,0.41,2.83,6.21,8.79
NUP2338,0.42,2.87,6.23,8.77
NUP2340,0.42,3.02,6.29,8.71
NUP2348,0.42,3,6.7,9.3
NUP2352,0.42,3.05,6.72,9.28
NUP2356,0.42,3.08,6.73,9.27
NUP2304E,0.38,1.91,3.77,6.23
NUP2305E,0.39,2.09,4.25,6.75
NUP2306E,0.39,2.23,4.72,7.28
NUP2307E,0.4,2.32,5.16,7.84
NUP2308E,0.39,2.25,4.73,7.27
NUP2309E,0.4,2.35,5.17,7.83
NUP2310E,0.4,2.44,5.22,7.78
NUP2311E,0.4,2.36,5.18,7.82
NUP2312E,0.4,2.43,5.21,7.79
NUP2313E,0.4,2.36,5.18,7.82
NUP2314E,0.4,2.42,5.21,7.79
NUP2315E,0.4,2.38,5.19,7.81
NUP2316E,0.4,2.42,5.21,7.79
NUP2317E,0.4,2.48,5.64,8.36
NUP2318E,0.4,2.43,5.21,7.79
NUP2319E,0.41,2.58,5.69,8.31
NUP2320E,0.4,2.39,5.2,7.8
NUP2322E,0.4,2.51,5.66,8.34
NUP2324E,0.4,2.43,5.21,7.79
NUP2326E,0.4,2.49,5.65,8.35
NUP2328E,0.41,2.55,5.68,8.32
NUP2330E,0.41,2.55,5.68,8.32
NUP2332E,0.4,2.53,5.67,8.33
NUP304,0.39,2.18,3.91,6.09
NUP305,0.4,2.34,4.38,6.62
NUP306,0.4,2.51,4.44,6.56
NUP307,0.4,2.5,4.85,7.15
NUP308,0.41,2.64,4.9,7.1
NUP309,0.4,2.49,4.84,7.16
NUP310,0.41,2.57,4.88,7.12
NUP311,0.4,2.48,4.83,7.17
NUP312,0.41,2.55,4.86,7.14
NUP313,0.41,2.6,4.89,7.11
NUP314,0.41,2.67,5.32,7.68
NUP315,0.41,2.58,5.28,7.72
NUP316,0.41,2.75,5.77,8.23
NUP317,0.41,2.66,5.32,7.68
NUP318,0.41,2.71,5.34,7.66
NUP319,0.41,2.75,5.77,8.23
NUP321,0.41,2.66,5.73,8.27
NUP322,0.41,2.64,5.72,8.28
NUP324,0.41,2.54,5.27,7.73
NUP326,0.41,2.6,5.7,8.3
NUP328,0.41,2.66,5.73,8.27
NUP330,0.41,2.71,5.75,8.25
NUP332,0.42,2.89,6.24,8.76
NUP334,0.42,2.86,6.23,8.77
NUP336,0.41,2.83,6.21,8.79
NUP338,0.42,2.87,6.23,8.77
NUP340,0.42,3.02,6.29,8.71
NUP344,0.42,2.95,6.27,8.73
NUP348,0.42,3,6.7,9.3
NUP352,0.42,3.05,6.72,9.28
NUP356,0.42,3.08,6.73,9.27
NUP304E,0.38,1.91,3.77,6.23
NUP305E,0.39,2.09,4.25,6.75
NUP306E,0.39,2.23,4.72,7.28
NUP307E,0.4,2.32,5.16,7.84
NUP308E,0.39,2.25,4.73,7.27
NUP309E,0.4,2.35,5.17,7.83
NUP310E,0.4,2.44,5.22,7.78
NUP311E,0.4,2.36,5.18,7.82
NUP312E,0.4,2.43,5.21,7.79
NUP313E,0.4,2.36,5.18,7.82
NUP314E,0.4,2.42,5.21,7.79
NUP315E,0.4,2.38,5.19,7.81
NUP316E,0.4,2.42,5.21,7.79
NUP317E,0.4,2.48,5.64,8.36
NUP318E,0.4,2.43,5.21,7.79
NUP319E,0.41,2.58,5.69,8.31
NUP320E,0.4,2.39,5.2,7.8
NUP322E,0.4,2.51,5.66,8.34
NUP324E,0.4,2.43,5.21,7.79
NUP326E,0.4,2.49,5.65,8.35
NUP328E,0.41,2.55,5.68,8.32
NUP330E,0.41,2.55,5.68,8.32
NUP332E,0.4,2.53,5.67,8.33
NUP405,0.38,2,3.44,5.56
NUP406,0.38,1.99,3.43,5.57
NUP407,0.39,2.16,3.9,6.1
NUP408,0.39,2.09,3.87,6.13
NUP410,0.39,2.16,4.29,6.71
NUP411,0.4,2.33,4.37,6.63
NUP412,0.4,2.28,4.35,6.65
NUP413,0.4,2.34,4.77,7.23
NUP414,0.4,2.32,4.76,7.24
NUP415,0.39,2.26,4.34,6.66
NUP416,0.39,2.23,4.32,6.68
NUP417,0.39,2.16,4.29,6.71
NUP418,0.39,2.21,4.31,6.69
NUP419,0.4,2.36,4.78,7.22
NUP420,0.4,2.28,4.74,7.26
NUP421,0.4,2.3,4.75,7.25
NUP422,0.4,2.34,4.77,7.23
NUP424,0.4,2.28,4.74,7.26
NUP426,0.39,2.24,4.72,7.28
NUP438,0.4,2.3,4.75,7.25
NUP430,0.4,2.45,5.22,7.78
22211B,0.43,3.48,7.75,10.25
22212B,0.44,3.84,8.74,11.26
22213B,0.43,3.53,7.77,10.23
22214B,0.43,3.72,8.7,11.3
22215B,0.44,3.9,9.19,11.81
22216B,0.44,3.86,8.74,11.26
22217B,0.43,3.65,8.24,10.76
22218B,0.43,3.63,8.23,10.77
22219B,0.43,3.44,8.16,10.84
22220B,0.43,3.39,7.72,10.28
22222B,0.43,3.48,8.18,10.82
22224B,0.43,3.63,8.67,11.33
22226B,0.43,3.31,7.69,10.31
22228B,0.43,3.35,8.13,10.87
22230B,0.43,3.6,8.66,11.34
22232B,0.43,3.48,8.18,10.82
22234B,0.43,3.5,8.19,10.81
22236B,0.43,3.65,8.68,11.32
22238B,0.43,3.67,8.68,11.32
22240B,0.43,3.46,8.18,10.82
22244B,0.43,3.5,8.19,10.81
22248B,0.43,3.45,8.17,10.83
22252B,0.43,3.46,8.18,10.82
22256B,0.43,3.66,8.67,11.33
22260B,0.43,3.53,8.19,10.81
22311B,0.41,2.49,5.69,8.31
22312B,0.4,2.42,5.65,8.35
22313B,0.41,2.64,6.17,8.83
22314B,0.4,2.44,5.66,8.34
22315B,0.41,2.76,6.22,8.78
22316B,0.41,2.58,5.73,8.27
22317B,0.41,2.57,5.72,8.28
22318B,0.41,2.54,5.71,8.29
22319B,0.41,2.56,5.72,8.28
22320B,0.41,2.51,5.7,8.3
22322B,0.4,2.44,5.66,8.34
22324B,0.4,2.43,5.65,8.35
22326B,0.4,2.43,5.65,8.35
22328B,0.4,2.42,5.65,8.35
22330B,0.41,2.69,6.18,8.82
22332B,0.41,2.74,6.21,8.79
22334B,0.41,2.79,6.22,8.78
22336B,0.42,2.88,6.68,9.32
22338B,0.42,2.92,6.7,9.3
22340B,0.42,2.89,6.68,9.32
22344B,0.42,2.9,6.69,9.31
22348B,0.42,2.89,6.68,9.32
22352B,0.42,2.9,6.68,9.32
22356B,0.42,2.86,6.66,9.34
22360B,0.42,2.91,6.27,8.73
23022B,0.45,4.84,11.69,14.31
23024B,0.45,5.16,12.67,15.33
23026B,0.45,4.83,11.69,14.31
23028B,0.45,5.13,12.66,15.34
23030B,0.45,5.23,12.69,15.31
23032B,0.45,5.14,12.67,15.33
23034B,0.45,4.77,11.67,14.33
23036B,0.45,4.81,11.68,14.32
23038B,0.45,5.02,12.18,14.82
23040B,0.45,4.73,11.66,14.34
23044B,0.45,4.84,11.69,14.31
23048B,0.45,5.19,12.68,15.32
23052B,0.45,4.83,11.69,14.31
23056B,0.45,5.13,12.67,15.33
23060B,0.45,4.75,11.66,14.34
23064B,0.45,5.14,12.67,15.33
23068B,0.45,5.2,12.23,14.77
23076B,0.45,5.35,13.17,15.83
23080B,0.45,5.11,12.66,15.34
23084B,0.45,5.32,13.16,15.84
23088B,0.45,5.32,13.16,15.84
23092B,0.45,5.25,13.15,15.85
23096B,0.45,5.44,13.65,16.35
230/500B,0.46,5.63,14.15,16.85
230/530B,0.45,5.45,13.19,15.81
230/560B,0.46,5.57,13.68,16.32
230/600B,0.46,5.93,14.67,17.33
230/630B,0.46,5.54,13.67,16.33
230/670B,0.46,5.57,13.22,15.78
230/710B,0.46,5.58,13.68,16.32
230/750B,0.45,5.41,13.64,16.36
230/800B,0.46,5.82,14.19,16.81
230/850B,0.46,5.66,14.15,16.85
230/900B,0.46,6,14.68,17.32
230/950B,0.46,5.76,14.18,16.82
230/1000B,0.46,5.99,14.68,17.32
230/1060B,0.46,6.04,14.69,17.31
230/1120B,0.46,6.02,15.15,17.85
23120B,0.44,4.12,9.71,12.29
23122B,0.44,4.25,10.19,12.81
23124B,0.44,3.97,9.66,12.34
23126B,0.44,4.23,10.18,12.82
23128B,0.45,4.45,10.69,13.31
23120B,0.44,4.01,9.68,12.32
23132B,0.44,3.97,9.66,12.34
23134B,0.44,4.15,10.16,12.84
23136B,0.44,4,9.68,12.32
23138B,0.44,3.96,9.66,12.34
23140B,0.44,3.85,9.19,11.81
23144B,0.44,3.99,9.67,12.33
23148B,0.44,4.11,9.71,12.29
23152B,0.44,4.06,9.69,12.31
23156B,0.44,4.21,10.18,12.82
23160B,0.44,3.99,9.67,12.33
23164B,0.44,4.06,9.69,12.31
23168B,0.44,3.88,9.2,11.8
23172B,0.44,4.05,9.69,12.31
23176B,0.44,4.22,10.18,12.82
23180B,0.44,4.21,10.18,12.82
23188B,0.44,4.11,9.71,12.29
23192B,0.44,4.23,10.18,12.82
231968B,0.44,4.16,10.16,12.84
231/500B,0.44,4.05,9.69,12.31
231/530B,0.44,4.32,10.21,12.79
231/560B,0.44,4.3,10.2,12.8
231/600B,0.44,4.2,10.18,12.82
231/630B,0.44,4.32,10.21,12.79
230/670B,0.44,4.23,10.18,12.82
231/710B,0.45,4.43,10.68,13.32
231/750B,0.44,4.35,10.22,12.78
231/800B,0.44,4.38,10.67,13.33
231/850B,0.45,4.53,10.71,13.29
231/900B,0.45,4.64,11.19,13.81
23218B,0.43,3.66,8.69,11.31
23220B,0.43,3.49,8.19,10.81
23222B,0.43,3.49,8.2,10.8
23224B,0.43,3.55,8.22,10.78
23226B,0.43,3.6,8.67,11.33
23228B,0.43,3.6,8.67,11.33
23230B,0.43,3.49,8.2,10.8
23232B,0.43,3.51,8.21,10.79
23234B,0.44,3.76,9.16,11.84
23236B,0.43,3.65,8.69,11.31
23238B,0.44,3.69,8.7,11.3
23240B,0.43,3.51,8.2,10.8
23244B,0.43,3.44,8.18,10.82
23248B,0.43,3.45,8.19,10.81
23252B,0.43,3.48,8.2,10.8
23256B,0.43,3.68,8.7,11.3
23260B,0.43,3.49,8.2,10.8
23264B,0.43,3.45,8.18,10.82
23268B,0.43,3.53,8.21,10.79
23272B,0.43,3.49,8.2,10.8
23276B,0.43,3.66,8.69,11.31
23280B,0.43,3.48,8.19,10.81
23284B,0.43,3.5,8.2,10.8
23288B,0.43,3.57,8.23,10.77
23292B,0.43,3.48,8.2,10.8
23296B,0.43,3.5,8.2,10.8
232/500B,0.43,3.46,8.19,10.81
232/530B,0.43,3.5,8.21,10.79
232/600B,0.43,3.6,8.24,10.76
232/630B,0.43,3.55,8.22,10.78
232/670B,0.43,3.47,8.19,10.81
232/710B,0.43,3.62,8.24,10.76
232/750B,0.43,3.6,8.24,10.76
23932,0.46,6.78,16.69,19.31
23934,0.47,7.14,17.68,20.32
23936,0.46,6.33,15.21,17.79
23938,0.46,6.63,16.19,18.81
23940,0.46,6.71,16.21,18.79
23944,0.47,7.23,17.7,20.3
23948,0.47,7.59,18.7,21.3
23952,0.46,7.05,16.74,19.26
23956,0.47,7.21,17.7,20.3
23960,0.46,6.68,16.67,19.33
23964,0.46,7.05,17.67,20.33
23968,0.47,7.14,17.68,20.32
23972,0.47,7.26,17.7,20.3
23976,0.47,7.27,18.18,20.82
23980,0.47,7.6,18.7,21.3
23984,0.47,7.93,19.69,22.31
23988,0.47,7.23,18.17,20.83
23992,0.47,7.51,18.68,21.32
23996,0.47,7.45,18.67,21.33
239/500,0.47,7.53,18.68,21.32
239/530,0.47,7.75,19.19,21.81
239/560,0.47,7.43,18.67,21.33
239/600,0.47,7.78,19.19,21.81
239/600,0.47,7.71,19.19,21.81
239/600,0.47,7.86,19.21,21.79
239/710,0.47,8,20.17,22.83
239/750,0.47,8.11,20.66,23.34
239/800,0.47,7.63,19.17,21.83
239/850,0.47,7.84,20.14,22.86
239/900,0.47,7.78,19.19,21.81
239/950,0.47,7.65,19.17,21.83
239/1000,0.47,7.55,18.69,21.31
239/1060,0.47,7.5,18.68,21.32
239/1120,0.47,7.87,19.68,22.32
239/1180,0.47,7.73,19.65,22.35
239/1150,0.47,7.95,19.69,22.31
239/1320,0.47,7.92,19.68,22.32
24024B,0.45,4.87,11.26,13.74
24026B,0.45,4.73,11.67,14.33
24028B,0.45,5.15,12.68,15.32
24030B,0.45,4.93,12.17,14.83
24032B,0.45,4.98,11.74,14.26
24034B,0.45,4.78,11.68,14.32
24036B,0.45,4.59,11.19,13.81
24038B,0.45,4.71,11.22,13.78
24040B,0.45,4.53,11.17,13.83
24044B,0.42,2.99,10.51,14.49
24048B,0.45,4.99,12.19,14.81
24052B,0.45,4.69,11.21,13.79
24056B,0.45,4.99,12.19,14.81
24060B,0.45,4.73,11.67,14.33
24064B,0.45,4.98,12.19,14.81
24068B,0.45,4.77,11.68,14.32
24072B,0.45,5,12.19,14.81
24076B,0.45,5.36,13.18,15.82
24080B,0.45,5.1,12.67,15.33
24084B,0.45,5.2,12.69,15.31
24088B,0.45,5.13,12.68,15.32
24092B,0.45,5.18,12.68,15.32
24096B,0.45,5.36,13.18,15.82
240/500B,0.46,5.55,13.68,16.32
240/530B,0.45,5.35,12.73,15.27
240/560B,0.46,5.46,13.21,15.79
240/600B,0.46,5.93,13.76,16.24
240/630B,0.46,5.53,13.22,15.78
240/670B,0.46,5.42,13.2,15.8
240/710B,0.46,5.57,13.68,16.32
240/750B,0.46,5.53,13.22,15.78
240/800B,0.46,5.73,14.18,16.82
240/850B,0.46,5.74,14.18,16.82
240/900B,0.46,5.85,14.2,16.8
240/950B,0.46,5.76,14.18,16.82
240/1000B,0.46,5.92,14.68,17.32
240/1060B,0.46,5.97,14.69,17.31
240/1120B,0.46,6.02,14.7,17.3
24122B,0.44,4.28,10.21,12.79
24124B,0.44,3.96,9.24,11.76
24126B,0.44,4.24,10.2,12.8
23128B,0.44,4.23,10.2,12.8
24132B,0.44,3.83,9.2,11.8
24134B,0.44,4.01,9.69,12.31
24136B,0.44,4,9.68,12.32
24138B,0.44,3.85,9.2,11.8
24140B,0.44,3.84,9.2,11.8
24144B,0.44,3.86,9.2,11.8
24148B,0.44,3.89,9.21,11.79
24152B,0.44,3.78,8.74,11.26
24156B,0.44,4.11,9.72,12.28
24160B,0.44,3.99,9.68,12.32
24164B,0.44,3.83,9.2,11.8
24168B,0.44,3.82,9.19,11.81
24172B,0.44,4.07,9.71,12.29
24176B,0.44,4.09,9.71,12.29
24180B,0.44,4.21,10.19,12.81
24184B,0.44,3.86,9.2,11.8
24188B,0.44,4,9.69,12.31
24192B,0.44,3.99,9.68,12.32
24196B,0.44,4.05,9.7,12.3
241/500B,0.44,4.04,9.7,12.3
241/530B,0.44,4.2,9.74,12.26
241/560B,0.44,4.01,9.69,12.31
241/600B,0.44,4.23,10.19,12.81
241/630B,0.44,4.22,9.75,12.25
241/670B,0.44,4.29,10.21,12.79
241/710B,0.44,4.33,10.22,12.78
